-- phpMyAdmin SQL Dump
-- version 4.8.4
-- https://www.phpmyadmin.net/
--
-- Host: 127.0.0.1
-- Generation Time: 15-Jun-2020 às 04:23
-- Versão do servidor: 10.1.37-MariaDB
-- versão do PHP: 7.3.1

SET SQL_MODE = "NO_AUTO_VALUE_ON_ZERO";
SET AUTOCOMMIT = 0;
START TRANSACTION;
SET time_zone = "+00:00";


/*!40101 SET @OLD_CHARACTER_SET_CLIENT=@@CHARACTER_SET_CLIENT */;
/*!40101 SET @OLD_CHARACTER_SET_RESULTS=@@CHARACTER_SET_RESULTS */;
/*!40101 SET @OLD_COLLATION_CONNECTION=@@COLLATION_CONNECTION */;
/*!40101 SET NAMES utf8mb4 */;

--
-- Database: `db_ccr2`
--

-- --------------------------------------------------------

--
-- Estrutura da tabela `avaliacao`
--

CREATE TABLE `avaliacao` (
  `id` int(11) NOT NULL,
  `nota` tinyint(4) NOT NULL,
  `categoria` int(11) NOT NULL,
  `comentario` varchar(255) NOT NULL,
  `local` int(11) NOT NULL,
  `usuario` int(11) NOT NULL
) ENGINE=InnoDB DEFAULT CHARSET=latin1;

--
-- Extraindo dados da tabela `avaliacao`
--

INSERT INTO `avaliacao` (`id`, `nota`, `categoria`, `comentario`, `local`, `usuario`) VALUES
(1, 4, 1, '', 1, 0),
(2, 4, 2, '', 1, 0),
(3, 1, 3, '', 1, 0),
(4, 1, 4, '', 1, 0),
(5, 3, 5, '', 1, 0),
(6, 3, 1, '', 2, 0),
(7, 3, 2, '', 2, 0),
(8, 4, 3, '', 2, 0),
(9, 3, 4, '', 2, 0),
(10, 4, 1, '', 3, 0),
(11, 2, 2, '', 3, 0),
(12, 4, 3, '', 3, 0),
(13, 3, 1, '', 4, 0),
(14, 3, 2, '', 4, 0),
(15, 3, 1, '', 5, 0),
(16, 5, 2, '', 5, 0),
(17, 4, 3, '', 5, 0),
(18, 4, 4, '', 5, 0),
(19, 4, 5, '', 5, 0),
(20, 5, 1, '', 6, 0),
(21, 5, 2, '', 6, 0),
(22, 3, 3, '', 6, 0),
(23, 2, 4, '', 6, 0),
(24, 5, 1, '', 7, 0),
(25, 5, 2, '', 7, 0),
(26, 3, 3, '', 7, 0),
(27, 2, 1, '', 8, 0),
(28, 4, 2, '', 8, 0),
(29, 4, 1, '', 9, 0),
(30, 5, 2, '', 9, 0),
(31, 4, 3, '', 9, 0),
(32, 1, 4, '', 9, 0),
(33, 3, 5, '', 9, 0),
(34, 1, 1, '', 10, 0),
(35, 3, 2, '', 10, 0),
(36, 1, 3, '', 10, 0),
(37, 5, 4, '', 10, 0),
(38, 2, 1, '', 11, 0),
(39, 1, 2, '', 11, 0),
(40, 5, 3, '', 11, 0),
(41, 5, 1, '', 12, 0),
(42, 4, 2, '', 12, 0),
(43, 1, 1, '', 13, 0),
(44, 3, 2, '', 13, 0),
(45, 1, 3, '', 13, 0),
(46, 2, 4, '', 13, 0),
(47, 3, 5, '', 13, 0),
(48, 4, 1, '', 14, 0),
(49, 2, 2, '', 14, 0),
(50, 4, 3, '', 14, 0),
(51, 2, 4, '', 14, 0),
(52, 5, 1, '', 15, 0),
(53, 3, 2, '', 15, 0),
(54, 4, 3, '', 15, 0),
(55, 2, 1, '', 16, 0),
(56, 3, 2, '', 16, 0),
(57, 1, 1, '', 17, 0),
(58, 2, 2, '', 17, 0),
(59, 1, 3, '', 17, 0),
(60, 5, 4, '', 17, 0),
(61, 4, 5, '', 17, 0),
(62, 4, 1, '', 18, 0),
(63, 5, 2, '', 18, 0),
(64, 5, 3, '', 18, 0),
(65, 3, 4, '', 18, 0),
(66, 3, 1, '', 19, 0),
(67, 2, 2, '', 19, 0),
(68, 2, 3, '', 19, 0),
(69, 2, 1, '', 20, 0),
(70, 1, 2, '', 20, 0),
(71, 2, 1, '', 21, 0),
(72, 3, 2, '', 21, 0),
(73, 4, 3, '', 21, 0),
(74, 3, 4, '', 21, 0),
(75, 1, 5, '', 21, 0),
(76, 2, 1, '', 22, 0),
(77, 2, 2, '', 22, 0),
(78, 4, 3, '', 22, 0),
(79, 4, 4, '', 22, 0),
(80, 5, 1, '', 23, 0),
(81, 1, 2, '', 23, 0),
(82, 1, 3, '', 23, 0),
(83, 2, 1, '', 24, 0),
(84, 3, 2, '', 24, 0),
(85, 2, 1, '', 25, 0),
(86, 1, 2, '', 25, 0),
(87, 3, 3, '', 25, 0),
(88, 5, 4, '', 25, 0),
(89, 4, 5, '', 25, 0),
(90, 5, 1, '', 26, 0),
(91, 2, 2, '', 26, 0),
(92, 2, 3, '', 26, 0),
(93, 5, 4, '', 26, 0),
(94, 2, 1, '', 27, 0),
(95, 5, 2, '', 27, 0),
(96, 4, 3, '', 27, 0),
(97, 1, 1, '', 28, 0),
(98, 5, 2, '', 28, 0),
(99, 3, 1, '', 29, 0),
(100, 4, 2, '', 29, 0),
(101, 2, 3, '', 29, 0),
(102, 1, 4, '', 29, 0),
(103, 5, 5, '', 29, 0),
(104, 5, 1, '', 30, 0),
(105, 1, 2, '', 30, 0),
(106, 1, 3, '', 30, 0),
(107, 4, 4, '', 30, 0),
(108, 5, 1, '', 31, 0),
(109, 4, 2, '', 31, 0),
(110, 3, 3, '', 31, 0),
(111, 3, 1, '', 32, 0),
(112, 2, 2, '', 32, 0),
(113, 2, 1, '', 33, 0),
(114, 1, 2, '', 33, 0),
(115, 5, 3, '', 33, 0),
(116, 3, 4, '', 33, 0),
(117, 1, 5, '', 33, 0),
(118, 3, 1, '', 34, 0),
(119, 4, 2, '', 34, 0),
(120, 5, 3, '', 34, 0),
(121, 3, 4, '', 34, 0),
(122, 4, 1, '', 35, 0),
(123, 4, 2, '', 35, 0),
(124, 2, 3, '', 35, 0),
(125, 4, 1, '', 36, 0),
(126, 1, 2, '', 36, 0),
(127, 4, 1, '', 37, 0),
(128, 2, 2, '', 37, 0),
(129, 3, 3, '', 37, 0),
(130, 1, 4, '', 37, 0),
(131, 3, 5, '', 37, 0),
(132, 1, 1, '', 38, 0),
(133, 5, 2, '', 38, 0),
(134, 2, 3, '', 38, 0),
(135, 1, 4, '', 38, 0),
(136, 5, 1, '', 39, 0),
(137, 1, 2, '', 39, 0),
(138, 5, 3, '', 39, 0),
(139, 1, 1, '', 40, 0),
(140, 3, 2, '', 40, 0),
(141, 2, 1, '', 41, 0),
(142, 4, 2, '', 41, 0),
(143, 2, 3, '', 41, 0),
(144, 1, 4, '', 41, 0),
(145, 1, 5, '', 41, 0),
(146, 2, 1, '', 42, 0),
(147, 1, 2, '', 42, 0),
(148, 4, 3, '', 42, 0),
(149, 2, 4, '', 42, 0),
(150, 5, 1, '', 43, 0),
(151, 4, 2, '', 43, 0),
(152, 1, 3, '', 43, 0),
(153, 5, 1, '', 44, 0),
(154, 3, 2, '', 44, 0),
(155, 2, 1, '', 45, 0),
(156, 3, 2, '', 45, 0),
(157, 1, 3, '', 45, 0),
(158, 3, 4, '', 45, 0),
(159, 5, 5, '', 45, 0),
(160, 1, 1, '', 46, 0),
(161, 2, 2, '', 46, 0),
(162, 4, 3, '', 46, 0),
(163, 5, 4, '', 46, 0),
(164, 2, 1, '', 47, 0),
(165, 5, 2, '', 47, 0),
(166, 1, 3, '', 47, 0),
(167, 5, 1, '', 48, 0),
(168, 3, 2, '', 48, 0),
(169, 4, 1, '', 49, 0),
(170, 1, 2, '', 49, 0),
(171, 2, 3, '', 49, 0),
(172, 5, 4, '', 49, 0),
(173, 3, 5, '', 49, 0),
(174, 5, 1, '', 50, 0),
(175, 2, 2, '', 50, 0),
(176, 1, 3, '', 50, 0),
(177, 2, 4, '', 50, 0),
(178, 5, 1, '', 51, 0),
(179, 3, 2, '', 51, 0),
(180, 5, 3, '', 51, 0),
(181, 2, 1, '', 52, 0),
(182, 3, 2, '', 52, 0),
(183, 4, 1, '', 53, 0),
(184, 5, 2, '', 53, 0),
(185, 4, 3, '', 53, 0),
(186, 3, 4, '', 53, 0),
(187, 2, 5, '', 53, 0),
(188, 3, 1, '', 54, 0),
(189, 3, 2, '', 54, 0),
(190, 4, 3, '', 54, 0),
(191, 2, 4, '', 54, 0),
(192, 3, 1, '', 55, 0),
(193, 2, 2, '', 55, 0),
(194, 2, 3, '', 55, 0),
(195, 5, 1, '', 56, 0),
(196, 2, 2, '', 56, 0),
(197, 2, 1, '', 57, 0),
(198, 4, 2, '', 57, 0),
(199, 2, 3, '', 57, 0),
(200, 1, 4, '', 57, 0),
(201, 3, 5, '', 57, 0),
(202, 2, 1, '', 58, 0),
(203, 5, 2, '', 58, 0),
(204, 4, 3, '', 58, 0),
(205, 2, 4, '', 58, 0),
(206, 1, 1, '', 59, 0),
(207, 4, 2, '', 59, 0),
(208, 3, 3, '', 59, 0),
(209, 5, 1, '', 60, 0),
(210, 5, 2, '', 60, 0),
(211, 3, 1, '', 61, 0),
(212, 1, 2, '', 61, 0),
(213, 5, 3, '', 61, 0),
(214, 3, 4, '', 61, 0),
(215, 1, 5, '', 61, 0),
(216, 3, 1, '', 62, 0),
(217, 5, 2, '', 62, 0),
(218, 2, 3, '', 62, 0),
(219, 5, 4, '', 62, 0),
(220, 5, 1, '', 63, 0),
(221, 5, 2, '', 63, 0),
(222, 1, 3, '', 63, 0),
(223, 2, 1, '', 64, 0),
(224, 4, 2, '', 64, 0),
(225, 5, 1, '', 65, 0),
(226, 5, 2, '', 65, 0),
(227, 4, 3, '', 65, 0),
(228, 1, 4, '', 65, 0),
(229, 5, 5, '', 65, 0),
(230, 2, 1, '', 66, 0),
(231, 4, 2, '', 66, 0),
(232, 3, 3, '', 66, 0),
(233, 1, 4, '', 66, 0),
(234, 2, 1, '', 67, 0),
(235, 2, 2, '', 67, 0),
(236, 4, 3, '', 67, 0),
(237, 4, 1, '', 68, 0),
(238, 4, 2, '', 68, 0),
(239, 5, 1, '', 69, 0),
(240, 1, 2, '', 69, 0),
(241, 2, 3, '', 69, 0),
(242, 4, 4, '', 69, 0),
(243, 2, 5, '', 69, 0),
(244, 5, 1, '', 70, 0),
(245, 4, 2, '', 70, 0),
(246, 1, 3, '', 70, 0),
(247, 1, 4, '', 70, 0),
(248, 2, 1, '', 71, 0),
(249, 4, 2, '', 71, 0),
(250, 3, 3, '', 71, 0),
(251, 4, 1, '', 72, 0),
(252, 2, 2, '', 72, 0),
(253, 2, 1, '', 73, 0),
(254, 4, 2, '', 73, 0),
(255, 1, 3, '', 73, 0),
(256, 1, 4, '', 73, 0),
(257, 4, 5, '', 73, 0),
(258, 3, 1, '', 74, 0),
(259, 3, 2, '', 74, 0),
(260, 1, 3, '', 74, 0),
(261, 3, 4, '', 74, 0),
(262, 1, 1, '', 75, 0),
(263, 2, 2, '', 75, 0),
(264, 2, 3, '', 75, 0),
(265, 3, 1, '', 76, 0),
(266, 2, 2, '', 76, 0),
(267, 2, 1, '', 77, 0),
(268, 3, 2, '', 77, 0),
(269, 5, 3, '', 77, 0),
(270, 3, 4, '', 77, 0),
(271, 2, 5, '', 77, 0),
(272, 1, 1, '', 78, 0),
(273, 5, 2, '', 78, 0),
(274, 4, 3, '', 78, 0),
(275, 3, 4, '', 78, 0),
(276, 2, 1, '', 79, 0),
(277, 1, 2, '', 79, 0),
(278, 1, 3, '', 79, 0),
(279, 2, 1, '', 80, 0),
(280, 4, 2, '', 80, 0),
(281, 1, 1, '', 81, 0),
(282, 2, 2, '', 81, 0),
(283, 4, 3, '', 81, 0),
(284, 1, 4, '', 81, 0),
(285, 2, 5, '', 81, 0),
(286, 4, 1, '', 82, 0),
(287, 4, 2, '', 82, 0),
(288, 1, 3, '', 82, 0),
(289, 1, 4, '', 82, 0),
(290, 1, 1, '', 83, 0),
(291, 2, 2, '', 83, 0),
(292, 5, 3, '', 83, 0),
(293, 5, 1, '', 84, 0),
(294, 3, 2, '', 84, 0),
(295, 2, 1, '', 85, 0),
(296, 5, 2, '', 85, 0),
(297, 4, 3, '', 85, 0),
(298, 1, 4, '', 85, 0),
(299, 5, 5, '', 85, 0),
(300, 2, 1, '', 86, 0),
(301, 5, 2, '', 86, 0),
(302, 5, 3, '', 86, 0),
(303, 1, 4, '', 86, 0),
(304, 2, 1, '', 87, 0),
(305, 1, 2, '', 87, 0),
(306, 4, 3, '', 87, 0),
(307, 4, 1, '', 88, 0),
(308, 5, 2, '', 88, 0),
(309, 2, 1, '', 89, 0),
(310, 4, 2, '', 89, 0),
(311, 4, 3, '', 89, 0),
(312, 5, 4, '', 89, 0),
(313, 4, 5, '', 89, 0),
(314, 1, 1, '', 90, 0),
(315, 4, 2, '', 90, 0),
(316, 4, 3, '', 90, 0),
(317, 1, 4, '', 90, 0),
(318, 3, 1, '', 91, 0),
(319, 5, 2, '', 91, 0),
(320, 3, 3, '', 91, 0),
(321, 5, 1, '', 92, 0),
(322, 1, 2, '', 92, 0),
(323, 3, 1, '', 93, 0),
(324, 3, 2, '', 93, 0),
(325, 4, 3, '', 93, 0),
(326, 3, 4, '', 93, 0),
(327, 1, 5, '', 93, 0),
(328, 3, 1, '', 94, 0),
(329, 5, 2, '', 94, 0),
(330, 2, 3, '', 94, 0),
(331, 3, 4, '', 94, 0),
(332, 1, 1, '', 95, 0),
(333, 5, 2, '', 95, 0),
(334, 1, 3, '', 95, 0),
(335, 2, 1, '', 96, 0),
(336, 5, 2, '', 96, 0),
(337, 5, 1, '', 97, 0),
(338, 1, 2, '', 97, 0),
(339, 4, 3, '', 97, 0),
(340, 2, 4, '', 97, 0),
(341, 1, 5, '', 97, 0),
(342, 2, 1, '', 98, 0),
(343, 5, 2, '', 98, 0),
(344, 2, 3, '', 98, 0),
(345, 3, 4, '', 98, 0),
(346, 1, 1, '', 99, 0),
(347, 5, 2, '', 99, 0),
(348, 3, 3, '', 99, 0),
(349, 5, 1, '', 100, 0),
(350, 1, 2, '', 100, 0),
(351, 4, 1, '', 101, 0),
(352, 4, 2, '', 101, 0),
(353, 5, 3, '', 101, 0),
(354, 5, 4, '', 101, 0),
(355, 1, 5, '', 101, 0),
(356, 3, 1, '', 102, 0),
(357, 3, 2, '', 102, 0),
(358, 1, 3, '', 102, 0),
(359, 4, 4, '', 102, 0),
(360, 3, 1, '', 103, 0),
(361, 3, 2, '', 103, 0),
(362, 1, 3, '', 103, 0),
(363, 3, 1, '', 104, 0),
(364, 5, 2, '', 104, 0),
(365, 1, 1, '', 105, 0),
(366, 1, 2, '', 105, 0),
(367, 4, 3, '', 105, 0),
(368, 4, 4, '', 105, 0),
(369, 3, 5, '', 105, 0),
(370, 4, 1, '', 106, 0),
(371, 2, 2, '', 106, 0),
(372, 5, 3, '', 106, 0),
(373, 3, 4, '', 106, 0),
(374, 2, 1, '', 107, 0),
(375, 3, 2, '', 107, 0),
(376, 1, 3, '', 107, 0),
(377, 5, 1, '', 108, 0),
(378, 2, 2, '', 108, 0),
(379, 5, 1, '', 109, 0),
(380, 2, 2, '', 109, 0),
(381, 2, 3, '', 109, 0),
(382, 5, 4, '', 109, 0),
(383, 3, 5, '', 109, 0),
(384, 2, 1, '', 110, 0),
(385, 2, 2, '', 110, 0),
(386, 4, 3, '', 110, 0),
(387, 4, 4, '', 110, 0),
(388, 5, 1, '', 111, 0),
(389, 5, 2, '', 111, 0),
(390, 1, 3, '', 111, 0),
(391, 5, 1, '', 112, 0),
(392, 3, 2, '', 112, 0),
(393, 5, 1, '', 113, 0),
(394, 2, 2, '', 113, 0),
(395, 2, 3, '', 113, 0),
(396, 2, 4, '', 113, 0),
(397, 2, 5, '', 113, 0),
(398, 4, 1, '', 114, 0),
(399, 5, 2, '', 114, 0),
(400, 4, 3, '', 114, 0),
(401, 2, 4, '', 114, 0),
(402, 4, 1, '', 115, 0),
(403, 2, 2, '', 115, 0),
(404, 3, 3, '', 115, 0),
(405, 2, 1, '', 116, 0),
(406, 1, 2, '', 116, 0),
(407, 1, 1, '', 117, 0),
(408, 4, 2, '', 117, 0),
(409, 1, 3, '', 117, 0),
(410, 2, 4, '', 117, 0),
(411, 5, 5, '', 117, 0),
(412, 2, 1, '', 118, 0),
(413, 4, 2, '', 118, 0),
(414, 2, 3, '', 118, 0),
(415, 4, 4, '', 118, 0),
(416, 3, 1, '', 119, 0),
(417, 5, 2, '', 119, 0),
(418, 2, 3, '', 119, 0),
(419, 4, 1, '', 120, 0),
(420, 1, 2, '', 120, 0),
(421, 5, 1, '', 121, 0),
(422, 2, 2, '', 121, 0),
(423, 3, 3, '', 121, 0),
(424, 2, 4, '', 121, 0),
(425, 5, 5, '', 121, 0),
(426, 5, 1, '', 122, 0),
(427, 3, 2, '', 122, 0),
(428, 1, 3, '', 122, 0),
(429, 3, 4, '', 122, 0),
(430, 2, 1, '', 123, 0),
(431, 1, 2, '', 123, 0),
(432, 4, 3, '', 123, 0),
(433, 1, 1, '', 124, 0),
(434, 1, 2, '', 124, 0),
(435, 5, 1, '', 125, 0),
(436, 3, 2, '', 125, 0),
(437, 5, 3, '', 125, 0),
(438, 5, 4, '', 125, 0),
(439, 2, 5, '', 125, 0),
(440, 2, 1, '', 126, 0),
(441, 2, 2, '', 126, 0),
(442, 3, 3, '', 126, 0),
(443, 1, 4, '', 126, 0),
(444, 4, 1, '', 127, 0),
(445, 3, 2, '', 127, 0),
(446, 2, 3, '', 127, 0),
(447, 3, 1, '', 128, 0),
(448, 1, 2, '', 128, 0),
(449, 2, 1, '', 129, 0),
(450, 5, 2, '', 129, 0),
(451, 2, 3, '', 129, 0),
(452, 2, 4, '', 129, 0),
(453, 3, 5, '', 129, 0),
(454, 4, 1, '', 130, 0),
(455, 4, 2, '', 130, 0),
(456, 1, 3, '', 130, 0),
(457, 1, 4, '', 130, 0),
(458, 4, 1, '', 131, 0),
(459, 2, 2, '', 131, 0),
(460, 4, 3, '', 131, 0),
(461, 4, 1, '', 132, 0),
(462, 5, 2, '', 132, 0),
(463, 5, 1, '', 133, 0),
(464, 3, 2, '', 133, 0),
(465, 2, 3, '', 133, 0),
(466, 4, 4, '', 133, 0),
(467, 2, 5, '', 133, 0),
(468, 1, 1, '', 134, 0),
(469, 4, 2, '', 134, 0),
(470, 2, 3, '', 134, 0),
(471, 4, 4, '', 134, 0),
(472, 4, 1, '', 135, 0),
(473, 5, 2, '', 135, 0),
(474, 2, 3, '', 135, 0),
(475, 5, 1, '', 136, 0),
(476, 4, 2, '', 136, 0),
(477, 2, 1, '', 137, 0),
(478, 1, 2, '', 137, 0),
(479, 3, 3, '', 137, 0),
(480, 5, 4, '', 137, 0),
(481, 5, 5, '', 137, 0),
(482, 1, 1, '', 138, 0),
(483, 5, 2, '', 138, 0),
(484, 5, 3, '', 138, 0),
(485, 5, 4, '', 138, 0),
(486, 2, 1, '', 139, 0),
(487, 2, 2, '', 139, 0),
(488, 5, 3, '', 139, 0),
(489, 5, 1, '', 140, 0),
(490, 1, 2, '', 140, 0),
(491, 4, 1, '', 141, 0),
(492, 1, 2, '', 141, 0),
(493, 1, 3, '', 141, 0),
(494, 4, 4, '', 141, 0),
(495, 2, 5, '', 141, 0),
(496, 3, 1, '', 142, 0),
(497, 4, 2, '', 142, 0),
(498, 4, 3, '', 142, 0),
(499, 1, 4, '', 142, 0),
(500, 1, 1, '', 143, 0),
(501, 3, 2, '', 143, 0),
(502, 1, 3, '', 143, 0),
(503, 3, 1, '', 144, 0),
(504, 5, 2, '', 144, 0),
(505, 3, 1, '', 145, 0),
(506, 1, 2, '', 145, 0),
(507, 1, 3, '', 145, 0),
(508, 2, 4, '', 145, 0),
(509, 3, 5, '', 145, 0),
(510, 4, 1, '', 146, 0),
(511, 3, 2, '', 146, 0),
(512, 1, 3, '', 146, 0),
(513, 5, 4, '', 146, 0),
(514, 1, 1, '', 147, 0),
(515, 4, 2, '', 147, 0),
(516, 4, 3, '', 147, 0),
(517, 3, 1, '', 148, 0),
(518, 2, 2, '', 148, 0),
(519, 4, 1, '', 149, 0),
(520, 3, 2, '', 149, 0),
(521, 5, 3, '', 149, 0),
(522, 1, 4, '', 149, 0),
(523, 3, 5, '', 149, 0),
(524, 5, 1, '', 150, 0),
(525, 4, 2, '', 150, 0),
(526, 1, 3, '', 150, 0),
(527, 5, 4, '', 150, 0),
(528, 2, 1, '', 151, 0),
(529, 4, 2, '', 151, 0),
(530, 5, 3, '', 151, 0),
(531, 4, 1, '', 152, 0),
(532, 2, 2, '', 152, 0),
(533, 2, 1, '', 153, 0),
(534, 5, 2, '', 153, 0),
(535, 3, 3, '', 153, 0),
(536, 2, 4, '', 153, 0),
(537, 5, 5, '', 153, 0),
(538, 4, 1, '', 154, 0),
(539, 2, 2, '', 154, 0),
(540, 5, 3, '', 154, 0),
(541, 3, 4, '', 154, 0),
(542, 1, 1, '', 155, 0),
(543, 2, 2, '', 155, 0),
(544, 3, 3, '', 155, 0),
(545, 5, 1, '', 156, 0),
(546, 4, 2, '', 156, 0),
(547, 3, 1, '', 157, 0),
(548, 5, 2, '', 157, 0),
(549, 4, 3, '', 157, 0),
(550, 4, 4, '', 157, 0),
(551, 5, 5, '', 157, 0),
(552, 1, 1, '', 158, 0),
(553, 1, 2, '', 158, 0),
(554, 5, 3, '', 158, 0),
(555, 1, 4, '', 158, 0),
(556, 5, 1, '', 159, 0),
(557, 1, 2, '', 159, 0),
(558, 4, 3, '', 159, 0),
(559, 2, 1, '', 160, 0),
(560, 5, 2, '', 160, 0),
(561, 1, 1, '', 161, 0),
(562, 2, 2, '', 161, 0),
(563, 2, 3, '', 161, 0),
(564, 1, 4, '', 161, 0),
(565, 3, 5, '', 161, 0),
(566, 3, 1, '', 162, 0),
(567, 1, 2, '', 162, 0),
(568, 3, 3, '', 162, 0),
(569, 1, 4, '', 162, 0),
(570, 1, 1, '', 163, 0),
(571, 3, 2, '', 163, 0),
(572, 4, 3, '', 163, 0),
(573, 1, 1, '', 164, 0),
(574, 2, 2, '', 164, 0),
(575, 1, 1, '', 165, 0),
(576, 1, 2, '', 165, 0),
(577, 2, 3, '', 165, 0),
(578, 4, 4, '', 165, 0),
(579, 5, 5, '', 165, 0),
(580, 4, 1, '', 166, 0),
(581, 4, 2, '', 166, 0),
(582, 1, 3, '', 166, 0),
(583, 3, 4, '', 166, 0),
(584, 3, 1, '', 167, 0),
(585, 4, 2, '', 167, 0),
(586, 4, 3, '', 167, 0),
(587, 5, 1, '', 168, 0),
(588, 1, 2, '', 168, 0),
(589, 1, 1, '', 169, 0),
(590, 3, 2, '', 169, 0),
(591, 5, 3, '', 169, 0),
(592, 1, 4, '', 169, 0),
(593, 1, 5, '', 169, 0),
(594, 2, 1, '', 170, 0),
(595, 4, 2, '', 170, 0),
(596, 3, 3, '', 170, 0),
(597, 2, 4, '', 170, 0),
(598, 5, 1, '', 171, 0),
(599, 5, 2, '', 171, 0),
(600, 1, 3, '', 171, 0),
(601, 3, 1, '', 172, 0),
(602, 3, 2, '', 172, 0),
(603, 2, 1, '', 173, 0),
(604, 4, 2, '', 173, 0),
(605, 3, 3, '', 173, 0),
(606, 1, 4, '', 173, 0),
(607, 5, 5, '', 173, 0),
(608, 1, 1, '', 174, 0),
(609, 1, 2, '', 174, 0),
(610, 2, 3, '', 174, 0),
(611, 5, 4, '', 174, 0),
(612, 3, 1, '', 175, 0),
(613, 3, 2, '', 175, 0),
(614, 4, 3, '', 175, 0),
(615, 5, 1, '', 176, 0),
(616, 3, 2, '', 176, 0),
(617, 4, 1, '', 177, 0),
(618, 5, 2, '', 177, 0),
(619, 3, 3, '', 177, 0),
(620, 4, 4, '', 177, 0),
(621, 4, 5, '', 177, 0),
(622, 5, 1, '', 178, 0),
(623, 2, 2, '', 178, 0),
(624, 4, 3, '', 178, 0),
(625, 4, 4, '', 178, 0),
(626, 2, 1, '', 179, 0),
(627, 3, 2, '', 179, 0),
(628, 2, 3, '', 179, 0),
(629, 5, 1, '', 180, 0),
(630, 2, 2, '', 180, 0),
(631, 1, 1, '', 181, 0),
(632, 2, 2, '', 181, 0),
(633, 4, 3, '', 181, 0),
(634, 4, 4, '', 181, 0),
(635, 1, 5, '', 181, 0),
(636, 2, 1, '', 182, 0),
(637, 4, 2, '', 182, 0),
(638, 3, 3, '', 182, 0),
(639, 3, 4, '', 182, 0),
(640, 5, 1, '', 183, 0),
(641, 4, 2, '', 183, 0),
(642, 3, 3, '', 183, 0),
(643, 5, 1, '', 184, 0),
(644, 2, 2, '', 184, 0),
(645, 3, 1, '', 185, 0),
(646, 3, 2, '', 185, 0),
(647, 4, 3, '', 185, 0),
(648, 3, 4, '', 185, 0),
(649, 1, 5, '', 185, 0),
(650, 1, 1, '', 186, 0),
(651, 5, 2, '', 186, 0),
(652, 2, 3, '', 186, 0),
(653, 3, 4, '', 186, 0),
(654, 5, 1, '', 187, 0),
(655, 5, 2, '', 187, 0),
(656, 3, 3, '', 187, 0),
(657, 4, 1, '', 188, 0),
(658, 5, 2, '', 188, 0),
(659, 4, 1, '', 189, 0),
(660, 1, 2, '', 189, 0),
(661, 4, 3, '', 189, 0),
(662, 5, 4, '', 189, 0),
(663, 4, 5, '', 189, 0),
(664, 3, 1, '', 190, 0),
(665, 5, 2, '', 190, 0),
(666, 3, 3, '', 190, 0),
(667, 5, 4, '', 190, 0),
(668, 3, 1, '', 191, 0),
(669, 4, 2, '', 191, 0),
(670, 5, 3, '', 191, 0),
(671, 1, 1, '', 192, 0),
(672, 2, 2, '', 192, 0),
(673, 2, 1, '', 193, 0),
(674, 1, 2, '', 193, 0),
(675, 2, 3, '', 193, 0),
(676, 2, 4, '', 193, 0),
(677, 2, 5, '', 193, 0),
(678, 4, 1, '', 194, 0),
(679, 1, 2, '', 194, 0),
(680, 2, 3, '', 194, 0),
(681, 3, 4, '', 194, 0),
(682, 4, 1, '', 195, 0),
(683, 2, 2, '', 195, 0),
(684, 2, 3, '', 195, 0),
(685, 5, 1, '', 196, 0),
(686, 4, 2, '', 196, 0),
(687, 4, 1, '', 197, 0),
(688, 2, 2, '', 197, 0),
(689, 5, 3, '', 197, 0),
(690, 3, 4, '', 197, 0),
(691, 2, 5, '', 197, 0),
(692, 1, 1, '', 198, 0),
(693, 1, 2, '', 198, 0),
(694, 4, 3, '', 198, 0),
(695, 2, 4, '', 198, 0),
(696, 2, 1, '', 199, 0),
(697, 2, 2, '', 199, 0),
(698, 2, 3, '', 199, 0),
(699, 1, 1, '', 200, 0),
(700, 4, 2, '', 200, 0),
(701, 3, 1, '', 201, 0),
(702, 3, 2, '', 201, 0),
(703, 1, 3, '', 201, 0),
(704, 4, 4, '', 201, 0),
(705, 5, 5, '', 201, 0),
(706, 2, 1, '', 202, 0),
(707, 3, 2, '', 202, 0),
(708, 3, 3, '', 202, 0),
(709, 1, 4, '', 202, 0),
(710, 5, 1, '', 203, 0),
(711, 3, 2, '', 203, 0),
(712, 5, 3, '', 203, 0),
(713, 2, 1, '', 204, 0),
(714, 3, 2, '', 204, 0),
(715, 2, 1, '', 205, 0),
(716, 5, 2, '', 205, 0),
(717, 3, 3, '', 205, 0),
(718, 2, 4, '', 205, 0),
(719, 1, 5, '', 205, 0),
(720, 1, 1, '', 206, 0),
(721, 4, 2, '', 206, 0),
(722, 3, 3, '', 206, 0),
(723, 4, 4, '', 206, 0),
(724, 5, 1, '', 207, 0),
(725, 5, 2, '', 207, 0),
(726, 5, 3, '', 207, 0),
(727, 5, 1, '', 208, 0),
(728, 2, 2, '', 208, 0),
(729, 3, 1, '', 209, 0),
(730, 1, 2, '', 209, 0),
(731, 5, 3, '', 209, 0),
(732, 2, 4, '', 209, 0),
(733, 5, 5, '', 209, 0),
(734, 3, 1, '', 210, 0),
(735, 5, 2, '', 210, 0),
(736, 3, 3, '', 210, 0),
(737, 4, 4, '', 210, 0),
(738, 5, 1, '', 211, 0),
(739, 4, 2, '', 211, 0),
(740, 2, 3, '', 211, 0),
(741, 5, 1, '', 212, 0),
(742, 4, 2, '', 212, 0),
(743, 4, 1, '', 213, 0),
(744, 4, 2, '', 213, 0),
(745, 3, 3, '', 213, 0),
(746, 5, 4, '', 213, 0),
(747, 4, 5, '', 213, 0),
(748, 2, 1, '', 214, 0),
(749, 5, 2, '', 214, 0),
(750, 3, 3, '', 214, 0),
(751, 1, 4, '', 214, 0),
(752, 3, 1, '', 215, 0),
(753, 1, 2, '', 215, 0),
(754, 5, 3, '', 215, 0),
(755, 2, 1, '', 216, 0),
(756, 2, 2, '', 216, 0),
(757, 2, 1, '', 217, 0),
(758, 3, 2, '', 217, 0),
(759, 3, 3, '', 217, 0),
(760, 4, 4, '', 217, 0),
(761, 2, 5, '', 217, 0),
(762, 3, 1, '', 218, 0),
(763, 1, 2, '', 218, 0),
(764, 4, 3, '', 218, 0),
(765, 1, 4, '', 218, 0),
(766, 3, 1, '', 219, 0),
(767, 3, 2, '', 219, 0),
(768, 4, 3, '', 219, 0),
(769, 3, 1, '', 220, 0),
(770, 1, 2, '', 220, 0),
(771, 5, 1, '', 221, 0),
(772, 1, 2, '', 221, 0),
(773, 5, 3, '', 221, 0),
(774, 5, 4, '', 221, 0),
(775, 2, 5, '', 221, 0),
(776, 5, 1, '', 222, 0),
(777, 4, 2, '', 222, 0),
(778, 4, 3, '', 222, 0),
(779, 3, 4, '', 222, 0),
(780, 5, 1, '', 223, 0),
(781, 5, 2, '', 223, 0),
(782, 4, 3, '', 223, 0),
(783, 4, 1, '', 224, 0),
(784, 4, 2, '', 224, 0),
(785, 4, 1, '', 225, 0),
(786, 3, 2, '', 225, 0),
(787, 3, 3, '', 225, 0),
(788, 4, 4, '', 225, 0),
(789, 2, 5, '', 225, 0),
(790, 2, 1, '', 226, 0),
(791, 1, 2, '', 226, 0),
(792, 5, 3, '', 226, 0),
(793, 4, 4, '', 226, 0),
(794, 5, 1, '', 227, 0),
(795, 1, 2, '', 227, 0),
(796, 4, 3, '', 227, 0),
(797, 1, 1, '', 228, 0),
(798, 4, 2, '', 228, 0),
(799, 3, 1, '', 229, 0),
(800, 3, 2, '', 229, 0),
(801, 4, 3, '', 229, 0),
(802, 1, 4, '', 229, 0),
(803, 2, 5, '', 229, 0),
(804, 5, 1, '', 230, 0),
(805, 5, 2, '', 230, 0),
(806, 5, 3, '', 230, 0),
(807, 3, 4, '', 230, 0),
(808, 5, 1, '', 231, 0),
(809, 1, 2, '', 231, 0),
(810, 1, 3, '', 231, 0),
(811, 5, 1, '', 232, 0),
(812, 4, 2, '', 232, 0),
(813, 1, 1, '', 233, 0),
(814, 3, 2, '', 233, 0),
(815, 5, 3, '', 233, 0),
(816, 3, 4, '', 233, 0),
(817, 4, 5, '', 233, 0),
(818, 1, 1, '', 234, 0),
(819, 2, 2, '', 234, 0),
(820, 2, 3, '', 234, 0),
(821, 3, 4, '', 234, 0),
(822, 4, 1, '', 235, 0),
(823, 2, 2, '', 235, 0),
(824, 1, 3, '', 235, 0),
(825, 3, 1, '', 236, 0),
(826, 3, 2, '', 236, 0),
(827, 1, 1, '', 237, 0),
(828, 4, 2, '', 237, 0),
(829, 2, 3, '', 237, 0),
(830, 2, 4, '', 237, 0),
(831, 2, 5, '', 237, 0),
(832, 4, 1, '', 238, 0),
(833, 3, 2, '', 238, 0),
(834, 3, 3, '', 238, 0),
(835, 1, 4, '', 238, 0),
(836, 2, 1, '', 239, 0),
(837, 3, 2, '', 239, 0),
(838, 5, 3, '', 239, 0),
(839, 3, 1, '', 240, 0),
(840, 3, 2, '', 240, 0),
(841, 1, 1, '', 241, 0),
(842, 5, 2, '', 241, 0),
(843, 4, 3, '', 241, 0),
(844, 1, 4, '', 241, 0),
(845, 3, 5, '', 241, 0),
(846, 5, 1, '', 242, 0),
(847, 4, 2, '', 242, 0),
(848, 4, 3, '', 242, 0),
(849, 5, 4, '', 242, 0),
(850, 3, 1, '', 243, 0),
(851, 4, 2, '', 243, 0),
(852, 4, 3, '', 243, 0),
(853, 2, 1, '', 244, 0),
(854, 4, 2, '', 244, 0),
(855, 4, 1, '', 245, 0),
(856, 1, 2, '', 245, 0),
(857, 1, 3, '', 245, 0),
(858, 2, 4, '', 245, 0),
(859, 1, 5, '', 245, 0),
(860, 3, 1, '', 246, 0),
(861, 1, 2, '', 246, 0),
(862, 1, 3, '', 246, 0),
(863, 1, 4, '', 246, 0),
(864, 5, 1, '', 247, 0),
(865, 5, 2, '', 247, 0),
(866, 3, 3, '', 247, 0),
(867, 4, 1, '', 248, 0),
(868, 1, 2, '', 248, 0),
(869, 5, 1, '', 249, 0),
(870, 1, 2, '', 249, 0),
(871, 3, 3, '', 249, 0),
(872, 4, 4, '', 249, 0),
(873, 3, 5, '', 249, 0),
(874, 5, 1, '', 250, 0),
(875, 3, 2, '', 250, 0),
(876, 3, 3, '', 250, 0),
(877, 1, 4, '', 250, 0),
(878, 5, 1, '', 251, 0),
(879, 4, 2, '', 251, 0),
(880, 2, 3, '', 251, 0),
(881, 4, 1, '', 252, 0),
(882, 4, 2, '', 252, 0),
(883, 5, 1, '', 253, 0),
(884, 4, 2, '', 253, 0),
(885, 4, 3, '', 253, 0),
(886, 1, 4, '', 253, 0),
(887, 2, 5, '', 253, 0),
(888, 3, 1, '', 254, 0),
(889, 1, 2, '', 254, 0),
(890, 4, 3, '', 254, 0),
(891, 1, 4, '', 254, 0),
(892, 4, 1, '', 255, 0),
(893, 3, 2, '', 255, 0),
(894, 1, 3, '', 255, 0),
(895, 3, 1, '', 256, 0),
(896, 4, 2, '', 256, 0),
(897, 5, 1, '', 257, 0),
(898, 5, 2, '', 257, 0),
(899, 1, 3, '', 257, 0),
(900, 3, 4, '', 257, 0),
(901, 1, 5, '', 257, 0),
(902, 2, 1, '', 258, 0),
(903, 2, 2, '', 258, 0),
(904, 3, 3, '', 258, 0),
(905, 1, 4, '', 258, 0),
(906, 2, 1, '', 259, 0),
(907, 4, 2, '', 259, 0),
(908, 4, 3, '', 259, 0),
(909, 2, 1, '', 260, 0),
(910, 1, 2, '', 260, 0),
(911, 2, 1, '', 261, 0),
(912, 2, 2, '', 261, 0),
(913, 3, 3, '', 261, 0),
(914, 4, 4, '', 261, 0),
(915, 1, 5, '', 261, 0),
(916, 3, 1, '', 262, 0),
(917, 1, 2, '', 262, 0),
(918, 1, 3, '', 262, 0),
(919, 2, 4, '', 262, 0),
(920, 2, 1, '', 263, 0),
(921, 4, 2, '', 263, 0),
(922, 1, 3, '', 263, 0),
(923, 5, 1, '', 264, 0),
(924, 4, 2, '', 264, 0),
(925, 2, 1, '', 265, 0),
(926, 3, 2, '', 265, 0),
(927, 5, 3, '', 265, 0),
(928, 1, 4, '', 265, 0),
(929, 5, 5, '', 265, 0),
(930, 4, 1, '', 266, 0),
(931, 5, 2, '', 266, 0),
(932, 4, 3, '', 266, 0),
(933, 2, 4, '', 266, 0),
(934, 5, 1, '', 267, 0),
(935, 3, 2, '', 267, 0),
(936, 2, 3, '', 267, 0),
(937, 5, 1, '', 268, 0),
(938, 3, 2, '', 268, 0),
(939, 4, 1, '', 269, 0),
(940, 5, 2, '', 269, 0),
(941, 4, 3, '', 269, 0),
(942, 3, 4, '', 269, 0),
(943, 4, 5, '', 269, 0),
(944, 1, 1, '', 270, 0),
(945, 4, 2, '', 270, 0),
(946, 4, 3, '', 270, 0),
(947, 2, 4, '', 270, 0),
(948, 1, 1, '', 271, 0),
(949, 2, 2, '', 271, 0),
(950, 5, 3, '', 271, 0),
(951, 2, 1, '', 272, 0),
(952, 2, 2, '', 272, 0),
(953, 5, 1, '', 273, 0),
(954, 5, 2, '', 273, 0),
(955, 4, 3, '', 273, 0),
(956, 3, 4, '', 273, 0),
(957, 5, 5, '', 273, 0),
(958, 2, 1, '', 274, 0),
(959, 5, 2, '', 274, 0),
(960, 5, 3, '', 274, 0),
(961, 2, 4, '', 274, 0),
(962, 1, 1, '', 275, 0),
(963, 4, 2, '', 275, 0),
(964, 2, 3, '', 275, 0),
(965, 3, 1, '', 276, 0),
(966, 5, 2, '', 276, 0),
(967, 1, 1, '', 277, 0),
(968, 5, 2, '', 277, 0),
(969, 5, 3, '', 277, 0),
(970, 4, 4, '', 277, 0),
(971, 2, 5, '', 277, 0),
(972, 2, 1, '', 278, 0),
(973, 1, 2, '', 278, 0),
(974, 4, 3, '', 278, 0),
(975, 2, 4, '', 278, 0),
(976, 1, 1, '', 279, 0),
(977, 3, 2, '', 279, 0),
(978, 4, 3, '', 279, 0),
(979, 3, 1, '', 280, 0),
(980, 5, 2, '', 280, 0),
(981, 4, 1, '', 281, 0),
(982, 2, 2, '', 281, 0),
(983, 4, 3, '', 281, 0),
(984, 2, 4, '', 281, 0),
(985, 5, 5, '', 281, 0),
(986, 2, 1, '', 282, 0),
(987, 5, 2, '', 282, 0),
(988, 1, 3, '', 282, 0),
(989, 4, 4, '', 282, 0),
(990, 1, 1, '', 283, 0),
(991, 1, 2, '', 283, 0),
(992, 4, 3, '', 283, 0),
(993, 4, 1, '', 284, 0),
(994, 2, 2, '', 284, 0),
(995, 1, 1, '', 285, 0),
(996, 1, 2, '', 285, 0),
(997, 4, 3, '', 285, 0),
(998, 4, 4, '', 285, 0),
(999, 3, 5, '', 285, 0),
(1000, 2, 1, '', 286, 0),
(1001, 5, 2, '', 286, 0),
(1002, 2, 3, '', 286, 0),
(1003, 1, 4, '', 286, 0),
(1004, 2, 1, '', 287, 0),
(1005, 2, 2, '', 287, 0),
(1006, 2, 3, '', 287, 0),
(1007, 3, 1, '', 288, 0),
(1008, 3, 2, '', 288, 0),
(1009, 3, 1, '', 289, 0),
(1010, 5, 2, '', 289, 0),
(1011, 5, 3, '', 289, 0),
(1012, 5, 4, '', 289, 0),
(1013, 5, 5, '', 289, 0),
(1014, 5, 1, '', 290, 0),
(1015, 1, 2, '', 290, 0),
(1016, 4, 3, '', 290, 0),
(1017, 1, 4, '', 290, 0),
(1018, 5, 1, '', 291, 0),
(1019, 5, 2, '', 291, 0),
(1020, 2, 3, '', 291, 0),
(1021, 4, 1, '', 292, 0),
(1022, 3, 2, '', 292, 0),
(1023, 2, 1, '', 293, 0),
(1024, 4, 2, '', 293, 0),
(1025, 5, 3, '', 293, 0),
(1026, 2, 4, '', 293, 0),
(1027, 4, 5, '', 293, 0),
(1028, 1, 1, '', 294, 0),
(1029, 1, 2, '', 294, 0),
(1030, 4, 3, '', 294, 0),
(1031, 1, 4, '', 294, 0),
(1032, 4, 1, '', 295, 0),
(1033, 4, 2, '', 295, 0),
(1034, 5, 3, '', 295, 0),
(1035, 2, 1, '', 296, 0),
(1036, 1, 2, '', 296, 0),
(1037, 2, 1, '', 297, 0),
(1038, 3, 2, '', 297, 0),
(1039, 5, 3, '', 297, 0),
(1040, 5, 4, '', 297, 0),
(1041, 2, 5, '', 297, 0),
(1042, 3, 1, '', 298, 0),
(1043, 3, 2, '', 298, 0),
(1044, 4, 3, '', 298, 0),
(1045, 3, 4, '', 298, 0),
(1046, 1, 1, '', 299, 0),
(1047, 5, 2, '', 299, 0),
(1048, 5, 3, '', 299, 0),
(1049, 2, 1, '', 300, 0),
(1050, 1, 2, '', 300, 0),
(1051, 2, 1, '', 301, 0),
(1052, 3, 2, '', 301, 0),
(1053, 4, 3, '', 301, 0),
(1054, 5, 4, '', 301, 0),
(1055, 5, 5, '', 301, 0),
(1056, 4, 1, '', 302, 0),
(1057, 1, 2, '', 302, 0),
(1058, 1, 3, '', 302, 0),
(1059, 1, 4, '', 302, 0),
(1060, 5, 1, '', 303, 0),
(1061, 3, 2, '', 303, 0),
(1062, 4, 3, '', 303, 0),
(1063, 2, 1, '', 304, 0),
(1064, 3, 2, '', 304, 0),
(1065, 4, 1, '', 305, 0),
(1066, 4, 2, '', 305, 0),
(1067, 5, 3, '', 305, 0),
(1068, 3, 4, '', 305, 0),
(1069, 1, 5, '', 305, 0),
(1070, 1, 1, '', 306, 0),
(1071, 5, 2, '', 306, 0),
(1072, 3, 3, '', 306, 0),
(1073, 2, 4, '', 306, 0),
(1074, 2, 1, '', 307, 0),
(1075, 5, 2, '', 307, 0),
(1076, 4, 3, '', 307, 0),
(1077, 5, 1, '', 308, 0),
(1078, 1, 2, '', 308, 0),
(1079, 1, 1, '', 309, 0),
(1080, 2, 2, '', 309, 0),
(1081, 5, 3, '', 309, 0),
(1082, 4, 4, '', 309, 0),
(1083, 1, 5, '', 309, 0),
(1084, 5, 1, '', 310, 0),
(1085, 4, 2, '', 310, 0),
(1086, 3, 3, '', 310, 0),
(1087, 3, 4, '', 310, 0),
(1088, 2, 1, '', 311, 0),
(1089, 2, 2, '', 311, 0),
(1090, 1, 3, '', 311, 0),
(1091, 3, 1, '', 312, 0),
(1092, 1, 2, '', 312, 0),
(1093, 3, 1, '', 313, 0),
(1094, 3, 2, '', 313, 0),
(1095, 1, 3, '', 313, 0),
(1096, 4, 4, '', 313, 0),
(1097, 1, 5, '', 313, 0),
(1098, 1, 1, '', 314, 0),
(1099, 5, 2, '', 314, 0),
(1100, 3, 3, '', 314, 0),
(1101, 4, 4, '', 314, 0),
(1102, 4, 1, '', 315, 0),
(1103, 4, 2, '', 315, 0),
(1104, 3, 3, '', 315, 0),
(1105, 4, 1, '', 316, 0),
(1106, 1, 2, '', 316, 0),
(1107, 4, 1, '', 317, 0),
(1108, 4, 2, '', 317, 0),
(1109, 2, 3, '', 317, 0),
(1110, 3, 4, '', 317, 0),
(1111, 5, 5, '', 317, 0),
(1112, 3, 1, '', 318, 0),
(1113, 5, 2, '', 318, 0),
(1114, 2, 3, '', 318, 0),
(1115, 1, 4, '', 318, 0),
(1116, 2, 1, '', 319, 0),
(1117, 5, 2, '', 319, 0),
(1118, 5, 3, '', 319, 0),
(1119, 3, 1, '', 320, 0),
(1120, 1, 2, '', 320, 0),
(1121, 3, 1, '', 321, 0),
(1122, 2, 2, '', 321, 0),
(1123, 4, 3, '', 321, 0),
(1124, 2, 4, '', 321, 0),
(1125, 5, 5, '', 321, 0),
(1126, 1, 1, '', 322, 0),
(1127, 4, 2, '', 322, 0),
(1128, 1, 3, '', 322, 0),
(1129, 5, 4, '', 322, 0),
(1130, 1, 1, '', 323, 0),
(1131, 5, 2, '', 323, 0),
(1132, 2, 3, '', 323, 0),
(1133, 5, 1, '', 324, 0),
(1134, 4, 2, '', 324, 0),
(1135, 1, 1, '', 325, 0),
(1136, 2, 2, '', 325, 0),
(1137, 3, 3, '', 325, 0),
(1138, 5, 4, '', 325, 0),
(1139, 4, 5, '', 325, 0),
(1140, 4, 1, '', 326, 0),
(1141, 2, 2, '', 326, 0),
(1142, 5, 3, '', 326, 0),
(1143, 5, 4, '', 326, 0),
(1144, 5, 1, '', 327, 0),
(1145, 2, 2, '', 327, 0),
(1146, 4, 3, '', 327, 0),
(1147, 1, 1, '', 328, 0),
(1148, 1, 2, '', 328, 0),
(1149, 3, 1, '', 329, 0),
(1150, 3, 2, '', 329, 0),
(1151, 1, 3, '', 329, 0),
(1152, 1, 4, '', 329, 0),
(1153, 2, 5, '', 329, 0),
(1154, 4, 1, '', 330, 0),
(1155, 2, 2, '', 330, 0),
(1156, 3, 3, '', 330, 0),
(1157, 1, 4, '', 330, 0),
(1158, 2, 1, '', 331, 0),
(1159, 3, 2, '', 331, 0),
(1160, 5, 3, '', 331, 0),
(1161, 3, 1, '', 332, 0),
(1162, 4, 2, '', 332, 0),
(1163, 4, 1, '', 333, 0),
(1164, 5, 2, '', 333, 0),
(1165, 3, 3, '', 333, 0),
(1166, 4, 4, '', 333, 0),
(1167, 1, 5, '', 333, 0),
(1168, 4, 1, '', 334, 0),
(1169, 2, 2, '', 334, 0),
(1170, 3, 3, '', 334, 0),
(1171, 1, 4, '', 334, 0),
(1172, 5, 1, '', 335, 0),
(1173, 2, 2, '', 335, 0),
(1174, 5, 3, '', 335, 0),
(1175, 3, 1, '', 336, 0),
(1176, 4, 2, '', 336, 0),
(1177, 3, 1, '', 337, 0),
(1178, 3, 2, '', 337, 0),
(1179, 1, 3, '', 337, 0),
(1180, 4, 4, '', 337, 0),
(1181, 2, 5, '', 337, 0),
(1182, 5, 1, '', 338, 0),
(1183, 4, 2, '', 338, 0),
(1184, 1, 3, '', 338, 0),
(1185, 4, 4, '', 338, 0),
(1186, 4, 1, '', 339, 0),
(1187, 1, 2, '', 339, 0),
(1188, 3, 3, '', 339, 0),
(1189, 2, 1, '', 340, 0),
(1190, 2, 2, '', 340, 0),
(1191, 5, 1, '', 341, 0),
(1192, 3, 2, '', 341, 0),
(1193, 5, 3, '', 341, 0),
(1194, 5, 4, '', 341, 0),
(1195, 3, 5, '', 341, 0),
(1196, 1, 1, '', 342, 0),
(1197, 5, 2, '', 342, 0),
(1198, 2, 3, '', 342, 0),
(1199, 3, 4, '', 342, 0),
(1200, 2, 1, '', 343, 0),
(1201, 5, 2, '', 343, 0),
(1202, 5, 3, '', 343, 0),
(1203, 4, 1, '', 344, 0),
(1204, 2, 2, '', 344, 0),
(1205, 2, 1, '', 345, 0),
(1206, 2, 2, '', 345, 0),
(1207, 4, 3, '', 345, 0),
(1208, 4, 4, '', 345, 0),
(1209, 1, 5, '', 345, 0),
(1210, 4, 1, '', 346, 0),
(1211, 3, 2, '', 346, 0),
(1212, 3, 3, '', 346, 0),
(1213, 1, 4, '', 346, 0),
(1214, 1, 1, '', 347, 0),
(1215, 3, 2, '', 347, 0),
(1216, 1, 3, '', 347, 0),
(1217, 3, 1, '', 348, 0),
(1218, 5, 2, '', 348, 0),
(1219, 2, 1, '', 349, 0),
(1220, 1, 2, '', 349, 0),
(1221, 5, 3, '', 349, 0),
(1222, 2, 4, '', 349, 0),
(1223, 3, 5, '', 349, 0),
(1224, 3, 1, '', 350, 0),
(1225, 1, 2, '', 350, 0),
(1226, 5, 3, '', 350, 0),
(1227, 5, 4, '', 350, 0),
(1228, 5, 1, '', 351, 0),
(1229, 4, 2, '', 351, 0),
(1230, 1, 3, '', 351, 0),
(1231, 2, 1, '', 352, 0),
(1232, 1, 2, '', 352, 0),
(1233, 2, 1, '', 353, 0),
(1234, 3, 2, '', 353, 0),
(1235, 2, 3, '', 353, 0),
(1236, 5, 4, '', 353, 0),
(1237, 4, 5, '', 353, 0),
(1238, 1, 1, '', 354, 0),
(1239, 5, 2, '', 354, 0),
(1240, 3, 3, '', 354, 0),
(1241, 4, 4, '', 354, 0),
(1242, 5, 1, '', 355, 0),
(1243, 4, 2, '', 355, 0),
(1244, 4, 3, '', 355, 0),
(1245, 3, 1, '', 356, 0),
(1246, 2, 2, '', 356, 0),
(1247, 3, 1, '', 357, 0),
(1248, 5, 2, '', 357, 0),
(1249, 2, 3, '', 357, 0),
(1250, 5, 4, '', 357, 0),
(1251, 5, 5, '', 357, 0),
(1252, 4, 1, '', 358, 0),
(1253, 2, 2, '', 358, 0),
(1254, 1, 3, '', 358, 0),
(1255, 2, 4, '', 358, 0),
(1256, 4, 1, '', 359, 0),
(1257, 2, 2, '', 359, 0),
(1258, 1, 3, '', 359, 0),
(1259, 3, 1, '', 360, 0),
(1260, 2, 2, '', 360, 0),
(1261, 5, 1, '', 361, 0),
(1262, 1, 2, '', 361, 0),
(1263, 2, 3, '', 361, 0),
(1264, 1, 4, '', 361, 0),
(1265, 1, 5, '', 361, 0),
(1266, 4, 1, '', 362, 0),
(1267, 2, 2, '', 362, 0),
(1268, 4, 3, '', 362, 0),
(1269, 3, 4, '', 362, 0),
(1270, 1, 1, '', 363, 0),
(1271, 5, 2, '', 363, 0),
(1272, 5, 3, '', 363, 0),
(1273, 3, 1, '', 364, 0),
(1274, 4, 2, '', 364, 0),
(1275, 5, 1, '', 365, 0),
(1276, 1, 2, '', 365, 0),
(1277, 1, 3, '', 365, 0),
(1278, 2, 4, '', 365, 0),
(1279, 1, 5, '', 365, 0),
(1280, 5, 1, '', 366, 0),
(1281, 1, 2, '', 366, 0),
(1282, 1, 3, '', 366, 0),
(1283, 4, 4, '', 366, 0),
(1284, 4, 1, '', 367, 0),
(1285, 2, 2, '', 367, 0),
(1286, 2, 3, '', 367, 0),
(1287, 1, 1, '', 368, 0),
(1288, 3, 2, '', 368, 0),
(1289, 1, 1, '', 369, 0),
(1290, 3, 2, '', 369, 0),
(1291, 5, 3, '', 369, 0),
(1292, 4, 4, '', 369, 0),
(1293, 4, 5, '', 369, 0),
(1294, 3, 1, '', 370, 0),
(1295, 1, 2, '', 370, 0),
(1296, 4, 3, '', 370, 0),
(1297, 3, 4, '', 370, 0),
(1298, 2, 1, '', 371, 0),
(1299, 2, 2, '', 371, 0),
(1300, 1, 3, '', 371, 0),
(1301, 5, 1, '', 372, 0),
(1302, 1, 2, '', 372, 0),
(1303, 2, 1, '', 373, 0),
(1304, 4, 2, '', 373, 0),
(1305, 2, 3, '', 373, 0),
(1306, 3, 4, '', 373, 0),
(1307, 5, 5, '', 373, 0),
(1308, 1, 1, '', 374, 0),
(1309, 1, 2, '', 374, 0),
(1310, 4, 3, '', 374, 0),
(1311, 5, 4, '', 374, 0),
(1312, 1, 1, '', 375, 0),
(1313, 2, 2, '', 375, 0),
(1314, 2, 3, '', 375, 0),
(1315, 5, 1, '', 376, 0),
(1316, 2, 2, '', 376, 0),
(1317, 5, 1, '', 377, 0),
(1318, 2, 2, '', 377, 0),
(1319, 3, 3, '', 377, 0),
(1320, 4, 4, '', 377, 0),
(1321, 1, 5, '', 377, 0),
(1322, 2, 1, '', 378, 0),
(1323, 5, 2, '', 378, 0),
(1324, 4, 3, '', 378, 0),
(1325, 5, 4, '', 378, 0),
(1326, 2, 1, '', 379, 0),
(1327, 1, 2, '', 379, 0),
(1328, 1, 3, '', 379, 0),
(1329, 4, 1, '', 380, 0),
(1330, 5, 2, '', 380, 0),
(1331, 1, 1, '', 381, 0),
(1332, 5, 2, '', 381, 0),
(1333, 3, 3, '', 381, 0),
(1334, 5, 4, '', 381, 0),
(1335, 5, 5, '', 381, 0),
(1336, 3, 1, '', 382, 0),
(1337, 4, 2, '', 382, 0),
(1338, 2, 3, '', 382, 0),
(1339, 1, 4, '', 382, 0),
(1340, 3, 1, '', 383, 0),
(1341, 4, 2, '', 383, 0),
(1342, 1, 3, '', 383, 0),
(1343, 3, 1, '', 384, 0),
(1344, 3, 2, '', 384, 0),
(1345, 4, 1, '', 385, 0),
(1346, 5, 2, '', 385, 0),
(1347, 3, 3, '', 385, 0),
(1348, 5, 4, '', 385, 0),
(1349, 3, 5, '', 385, 0),
(1350, 4, 1, '', 386, 0),
(1351, 1, 2, '', 386, 0),
(1352, 5, 3, '', 386, 0),
(1353, 5, 4, '', 386, 0),
(1354, 4, 1, '', 387, 0),
(1355, 3, 2, '', 387, 0),
(1356, 4, 3, '', 387, 0),
(1357, 3, 1, '', 388, 0),
(1358, 2, 2, '', 388, 0),
(1359, 1, 1, '', 389, 0),
(1360, 2, 2, '', 389, 0),
(1361, 1, 3, '', 389, 0),
(1362, 1, 4, '', 389, 0),
(1363, 3, 5, '', 389, 0),
(1364, 1, 1, '', 390, 0),
(1365, 5, 2, '', 390, 0),
(1366, 4, 3, '', 390, 0),
(1367, 3, 4, '', 390, 0),
(1368, 3, 1, '', 391, 0),
(1369, 2, 2, '', 391, 0),
(1370, 2, 3, '', 391, 0),
(1371, 2, 1, '', 392, 0),
(1372, 5, 2, '', 392, 0),
(1373, 2, 1, '', 393, 0),
(1374, 5, 2, '', 393, 0),
(1375, 4, 3, '', 393, 0),
(1376, 4, 4, '', 393, 0),
(1377, 5, 5, '', 393, 0),
(1378, 5, 1, '', 394, 0),
(1379, 4, 2, '', 394, 0),
(1380, 3, 3, '', 394, 0),
(1381, 4, 4, '', 394, 0),
(1382, 5, 1, '', 395, 0),
(1383, 1, 2, '', 395, 0),
(1384, 4, 3, '', 395, 0),
(1385, 5, 1, '', 396, 0),
(1386, 2, 2, '', 396, 0),
(1387, 3, 1, '', 397, 0),
(1388, 4, 2, '', 397, 0),
(1389, 4, 3, '', 397, 0),
(1390, 2, 4, '', 397, 0),
(1391, 5, 5, '', 397, 0),
(1392, 3, 1, '', 398, 0),
(1393, 1, 2, '', 398, 0),
(1394, 2, 3, '', 398, 0),
(1395, 3, 4, '', 398, 0),
(1396, 4, 1, '', 399, 0),
(1397, 1, 2, '', 399, 0),
(1398, 5, 3, '', 399, 0),
(1399, 3, 1, '', 400, 0),
(1400, 4, 2, '', 400, 0),
(1401, 2, 1, '', 401, 0),
(1402, 2, 2, '', 401, 0),
(1403, 3, 3, '', 401, 0),
(1404, 4, 4, '', 401, 0),
(1405, 5, 5, '', 401, 0),
(1406, 1, 1, '', 402, 0),
(1407, 2, 2, '', 402, 0),
(1408, 5, 3, '', 402, 0),
(1409, 4, 4, '', 402, 0),
(1410, 3, 1, '', 403, 0),
(1411, 5, 2, '', 403, 0),
(1412, 1, 3, '', 403, 0),
(1413, 1, 1, '', 404, 0),
(1414, 5, 2, '', 404, 0),
(1415, 5, 1, '', 405, 0),
(1416, 3, 2, '', 405, 0),
(1417, 1, 3, '', 405, 0),
(1418, 4, 4, '', 405, 0),
(1419, 2, 5, '', 405, 0),
(1420, 5, 1, '', 406, 0),
(1421, 5, 2, '', 406, 0),
(1422, 1, 3, '', 406, 0),
(1423, 4, 4, '', 406, 0),
(1424, 1, 1, '', 407, 0),
(1425, 2, 2, '', 407, 0),
(1426, 4, 3, '', 407, 0),
(1427, 1, 1, '', 408, 0),
(1428, 5, 2, '', 408, 0),
(1429, 5, 1, '', 409, 0),
(1430, 2, 2, '', 409, 0),
(1431, 1, 3, '', 409, 0),
(1432, 3, 4, '', 409, 0),
(1433, 1, 5, '', 409, 0),
(1434, 1, 1, '', 410, 0),
(1435, 5, 2, '', 410, 0),
(1436, 3, 3, '', 410, 0),
(1437, 1, 4, '', 410, 0),
(1438, 5, 1, '', 411, 0),
(1439, 3, 2, '', 411, 0),
(1440, 1, 3, '', 411, 0),
(1441, 5, 1, '', 412, 0),
(1442, 5, 2, '', 412, 0),
(1443, 2, 1, '', 413, 0),
(1444, 5, 2, '', 413, 0),
(1445, 4, 3, '', 413, 0),
(1446, 4, 4, '', 413, 0),
(1447, 2, 5, '', 413, 0),
(1448, 2, 1, '', 414, 0),
(1449, 2, 2, '', 414, 0),
(1450, 5, 3, '', 414, 0),
(1451, 3, 4, '', 414, 0),
(1452, 2, 1, '', 415, 0),
(1453, 5, 2, '', 415, 0),
(1454, 5, 3, '', 415, 0),
(1455, 4, 1, '', 416, 0),
(1456, 1, 2, '', 416, 0),
(1457, 2, 1, '', 417, 0),
(1458, 2, 2, '', 417, 0),
(1459, 3, 3, '', 417, 0),
(1460, 5, 4, '', 417, 0),
(1461, 2, 5, '', 417, 0),
(1462, 2, 1, '', 418, 0),
(1463, 3, 2, '', 418, 0),
(1464, 3, 3, '', 418, 0),
(1465, 2, 4, '', 418, 0),
(1466, 1, 1, '', 419, 0),
(1467, 2, 2, '', 419, 0),
(1468, 3, 3, '', 419, 0),
(1469, 4, 1, '', 420, 0),
(1470, 4, 2, '', 420, 0),
(1471, 4, 1, '', 421, 0),
(1472, 5, 2, '', 421, 0),
(1473, 1, 3, '', 421, 0),
(1474, 3, 4, '', 421, 0),
(1475, 1, 5, '', 421, 0),
(1476, 5, 1, '', 422, 0),
(1477, 2, 2, '', 422, 0),
(1478, 5, 3, '', 422, 0),
(1479, 5, 4, '', 422, 0),
(1480, 2, 1, '', 423, 0),
(1481, 2, 2, '', 423, 0),
(1482, 4, 3, '', 423, 0),
(1483, 1, 1, '', 424, 0),
(1484, 4, 2, '', 424, 0),
(1485, 3, 1, '', 425, 0),
(1486, 3, 2, '', 425, 0),
(1487, 4, 3, '', 425, 0),
(1488, 4, 4, '', 425, 0),
(1489, 1, 5, '', 425, 0),
(1490, 5, 1, '', 426, 0),
(1491, 1, 2, '', 426, 0),
(1492, 2, 3, '', 426, 0),
(1493, 4, 4, '', 426, 0),
(1494, 4, 1, '', 427, 0),
(1495, 4, 2, '', 427, 0),
(1496, 2, 3, '', 427, 0),
(1497, 2, 1, '', 428, 0),
(1498, 2, 2, '', 428, 0),
(1499, 5, 1, '', 429, 0),
(1500, 3, 2, '', 429, 0),
(1501, 4, 3, '', 429, 0),
(1502, 5, 4, '', 429, 0),
(1503, 2, 5, '', 429, 0),
(1504, 2, 1, '', 430, 0),
(1505, 2, 2, '', 430, 0),
(1506, 5, 3, '', 430, 0),
(1507, 1, 4, '', 430, 0),
(1508, 5, 1, '', 431, 0),
(1509, 4, 2, '', 431, 0),
(1510, 1, 3, '', 431, 0),
(1511, 1, 1, '', 432, 0),
(1512, 1, 2, '', 432, 0),
(1513, 5, 1, '', 433, 0),
(1514, 2, 2, '', 433, 0),
(1515, 5, 3, '', 433, 0),
(1516, 4, 4, '', 433, 0),
(1517, 1, 5, '', 433, 0),
(1518, 1, 1, '', 434, 0),
(1519, 2, 2, '', 434, 0),
(1520, 1, 3, '', 434, 0),
(1521, 5, 4, '', 434, 0),
(1522, 5, 1, '', 435, 0),
(1523, 5, 2, '', 435, 0),
(1524, 4, 3, '', 435, 0),
(1525, 4, 1, '', 436, 0),
(1526, 1, 2, '', 436, 0),
(1527, 2, 1, '', 437, 0),
(1528, 2, 2, '', 437, 0),
(1529, 3, 3, '', 437, 0),
(1530, 1, 4, '', 437, 0),
(1531, 4, 5, '', 437, 0),
(1532, 2, 1, '', 438, 0),
(1533, 2, 2, '', 438, 0),
(1534, 2, 3, '', 438, 0),
(1535, 3, 4, '', 438, 0),
(1536, 5, 1, '', 439, 0),
(1537, 2, 2, '', 439, 0),
(1538, 3, 3, '', 439, 0),
(1539, 4, 1, '', 440, 0),
(1540, 2, 2, '', 440, 0),
(1541, 5, 1, '', 441, 0),
(1542, 4, 2, '', 441, 0),
(1543, 4, 3, '', 441, 0),
(1544, 5, 4, '', 441, 0),
(1545, 2, 5, '', 441, 0),
(1546, 3, 1, '', 442, 0),
(1547, 1, 2, '', 442, 0),
(1548, 1, 3, '', 442, 0),
(1549, 2, 4, '', 442, 0),
(1550, 3, 1, '', 443, 0),
(1551, 3, 2, '', 443, 0),
(1552, 2, 3, '', 443, 0),
(1553, 4, 1, '', 444, 0),
(1554, 4, 2, '', 444, 0),
(1555, 3, 1, '', 445, 0),
(1556, 2, 2, '', 445, 0),
(1557, 5, 3, '', 445, 0),
(1558, 4, 4, '', 445, 0),
(1559, 3, 5, '', 445, 0),
(1560, 5, 1, '', 446, 0),
(1561, 2, 2, '', 446, 0),
(1562, 3, 3, '', 446, 0),
(1563, 1, 4, '', 446, 0),
(1564, 3, 1, '', 447, 0),
(1565, 4, 2, '', 447, 0),
(1566, 5, 3, '', 447, 0),
(1567, 4, 1, '', 448, 0),
(1568, 5, 2, '', 448, 0),
(1569, 3, 1, '', 449, 0),
(1570, 3, 2, '', 449, 0),
(1571, 3, 3, '', 449, 0),
(1572, 1, 4, '', 449, 0),
(1573, 5, 5, '', 449, 0),
(1574, 4, 1, '', 450, 0),
(1575, 5, 2, '', 450, 0),
(1576, 5, 3, '', 450, 0),
(1577, 3, 4, '', 450, 0),
(1578, 2, 1, '', 451, 0),
(1579, 4, 2, '', 451, 0),
(1580, 5, 3, '', 451, 0),
(1581, 4, 1, '', 452, 0),
(1582, 4, 2, '', 452, 0),
(1583, 5, 1, '', 453, 0),
(1584, 3, 2, '', 453, 0),
(1585, 4, 3, '', 453, 0),
(1586, 1, 4, '', 453, 0),
(1587, 1, 5, '', 453, 0),
(1588, 5, 1, '', 454, 0),
(1589, 3, 2, '', 454, 0),
(1590, 2, 3, '', 454, 0),
(1591, 1, 4, '', 454, 0),
(1592, 5, 1, '', 455, 0),
(1593, 1, 2, '', 455, 0),
(1594, 3, 3, '', 455, 0),
(1595, 2, 1, '', 456, 0),
(1596, 4, 2, '', 456, 0),
(1597, 2, 1, '', 457, 0),
(1598, 5, 2, '', 457, 0),
(1599, 3, 3, '', 457, 0),
(1600, 2, 4, '', 457, 0),
(1601, 2, 5, '', 457, 0),
(1602, 5, 1, '', 458, 0),
(1603, 4, 2, '', 458, 0),
(1604, 2, 3, '', 458, 0),
(1605, 5, 4, '', 458, 0),
(1606, 4, 1, '', 459, 0),
(1607, 5, 2, '', 459, 0),
(1608, 3, 3, '', 459, 0),
(1609, 5, 1, '', 460, 0),
(1610, 3, 2, '', 460, 0),
(1611, 1, 1, '', 461, 0),
(1612, 2, 2, '', 461, 0),
(1613, 2, 3, '', 461, 0),
(1614, 2, 4, '', 461, 0),
(1615, 4, 5, '', 461, 0),
(1616, 1, 1, '', 462, 0),
(1617, 5, 2, '', 462, 0),
(1618, 5, 3, '', 462, 0),
(1619, 5, 4, '', 462, 0),
(1620, 1, 1, '', 463, 0),
(1621, 3, 2, '', 463, 0),
(1622, 3, 3, '', 463, 0),
(1623, 5, 1, '', 464, 0),
(1624, 4, 2, '', 464, 0),
(1625, 2, 1, '', 465, 0),
(1626, 2, 2, '', 465, 0),
(1627, 3, 3, '', 465, 0),
(1628, 4, 4, '', 465, 0),
(1629, 2, 5, '', 465, 0),
(1630, 1, 1, '', 466, 0),
(1631, 3, 2, '', 466, 0),
(1632, 3, 3, '', 466, 0),
(1633, 5, 4, '', 466, 0),
(1634, 1, 1, '', 467, 0),
(1635, 3, 2, '', 467, 0),
(1636, 1, 3, '', 467, 0),
(1637, 2, 1, '', 468, 0),
(1638, 4, 2, '', 468, 0),
(1639, 4, 1, '', 469, 0),
(1640, 1, 2, '', 469, 0),
(1641, 4, 3, '', 469, 0),
(1642, 5, 4, '', 469, 0),
(1643, 1, 5, '', 469, 0),
(1644, 1, 1, '', 470, 0),
(1645, 2, 2, '', 470, 0),
(1646, 5, 3, '', 470, 0),
(1647, 1, 4, '', 470, 0),
(1648, 2, 1, '', 471, 0),
(1649, 2, 2, '', 471, 0),
(1650, 2, 3, '', 471, 0),
(1651, 3, 1, '', 472, 0),
(1652, 4, 2, '', 472, 0),
(1653, 2, 1, '', 473, 0),
(1654, 5, 2, '', 473, 0),
(1655, 1, 3, '', 473, 0),
(1656, 4, 4, '', 473, 0),
(1657, 3, 5, '', 473, 0),
(1658, 5, 1, '', 474, 0),
(1659, 4, 2, '', 474, 0),
(1660, 4, 3, '', 474, 0),
(1661, 4, 4, '', 474, 0),
(1662, 1, 1, '', 475, 0),
(1663, 5, 2, '', 475, 0),
(1664, 4, 3, '', 475, 0),
(1665, 2, 1, '', 476, 0),
(1666, 1, 2, '', 476, 0),
(1667, 1, 1, '', 477, 0),
(1668, 2, 2, '', 477, 0),
(1669, 2, 3, '', 477, 0),
(1670, 3, 4, '', 477, 0),
(1671, 5, 5, '', 477, 0),
(1672, 3, 1, '', 478, 0),
(1673, 3, 2, '', 478, 0),
(1674, 3, 3, '', 478, 0),
(1675, 5, 4, '', 478, 0),
(1676, 1, 1, '', 479, 0),
(1677, 4, 2, '', 479, 0),
(1678, 4, 3, '', 479, 0),
(1679, 2, 1, '', 480, 0),
(1680, 4, 2, '', 480, 0),
(1681, 2, 1, '', 481, 0),
(1682, 3, 2, '', 481, 0),
(1683, 1, 3, '', 481, 0),
(1684, 1, 4, '', 481, 0),
(1685, 1, 5, '', 481, 0),
(1686, 1, 1, '', 482, 0),
(1687, 3, 2, '', 482, 0),
(1688, 3, 3, '', 482, 0),
(1689, 1, 4, '', 482, 0),
(1690, 2, 1, '', 483, 0),
(1691, 3, 2, '', 483, 0),
(1692, 5, 3, '', 483, 0),
(1693, 2, 1, '', 484, 0),
(1694, 4, 2, '', 484, 0),
(1695, 3, 1, '', 485, 0),
(1696, 4, 2, '', 485, 0),
(1697, 4, 3, '', 485, 0),
(1698, 5, 4, '', 485, 0),
(1699, 4, 5, '', 485, 0),
(1700, 2, 1, '', 486, 0),
(1701, 2, 2, '', 486, 0),
(1702, 1, 3, '', 486, 0),
(1703, 2, 4, '', 486, 0),
(1704, 3, 1, '', 487, 0),
(1705, 4, 2, '', 487, 0),
(1706, 5, 3, '', 487, 0),
(1707, 4, 1, '', 488, 0),
(1708, 2, 2, '', 488, 0),
(1709, 2, 1, '', 489, 0),
(1710, 4, 2, '', 489, 0),
(1711, 2, 3, '', 489, 0),
(1712, 4, 4, '', 489, 0),
(1713, 1, 5, '', 489, 0),
(1714, 2, 1, '', 490, 0),
(1715, 2, 2, '', 490, 0),
(1716, 5, 3, '', 490, 0),
(1717, 4, 4, '', 490, 0),
(1718, 3, 1, '', 491, 0),
(1719, 5, 2, '', 491, 0),
(1720, 4, 3, '', 491, 0),
(1721, 5, 1, '', 492, 0),
(1722, 4, 2, '', 492, 0),
(1723, 5, 1, '', 493, 0),
(1724, 3, 2, '', 493, 0),
(1725, 3, 3, '', 493, 0),
(1726, 4, 4, '', 493, 0),
(1727, 1, 5, '', 493, 0),
(1728, 3, 1, '', 494, 0),
(1729, 4, 2, '', 494, 0),
(1730, 2, 3, '', 494, 0),
(1731, 2, 4, '', 494, 0),
(1732, 1, 1, '', 495, 0),
(1733, 3, 2, '', 495, 0),
(1734, 5, 3, '', 495, 0),
(1735, 4, 1, '', 496, 0),
(1736, 4, 2, '', 496, 0),
(1737, 2, 1, '', 497, 0),
(1738, 1, 2, '', 497, 0),
(1739, 4, 3, '', 497, 0),
(1740, 5, 4, '', 497, 0),
(1741, 3, 5, '', 497, 0),
(1742, 2, 1, '', 498, 0),
(1743, 4, 2, '', 498, 0),
(1744, 1, 3, '', 498, 0),
(1745, 1, 4, '', 498, 0),
(1746, 1, 1, '', 499, 0),
(1747, 4, 2, '', 499, 0),
(1748, 3, 3, '', 499, 0),
(1749, 4, 1, '', 500, 0),
(1750, 4, 2, '', 500, 0),
(1751, 2, 1, '', 501, 0),
(1752, 3, 2, '', 501, 0),
(1753, 1, 3, '', 501, 0),
(1754, 2, 4, '', 501, 0),
(1755, 4, 5, '', 501, 0),
(1756, 5, 1, '', 502, 0),
(1757, 3, 2, '', 502, 0),
(1758, 4, 3, '', 502, 0),
(1759, 3, 4, '', 502, 0),
(1760, 4, 1, '', 503, 0),
(1761, 2, 2, '', 503, 0),
(1762, 5, 3, '', 503, 0),
(1763, 5, 1, '', 504, 0),
(1764, 4, 2, '', 504, 0),
(1765, 3, 1, '', 505, 0),
(1766, 3, 2, '', 505, 0),
(1767, 2, 3, '', 505, 0),
(1768, 4, 4, '', 505, 0),
(1769, 1, 5, '', 505, 0),
(1770, 3, 1, '', 506, 0),
(1771, 1, 2, '', 506, 0),
(1772, 1, 3, '', 506, 0),
(1773, 3, 4, '', 506, 0),
(1774, 4, 1, '', 507, 0),
(1775, 1, 2, '', 507, 0),
(1776, 1, 3, '', 507, 0),
(1777, 3, 1, '', 508, 0),
(1778, 1, 2, '', 508, 0),
(1779, 1, 1, '', 509, 0),
(1780, 2, 2, '', 509, 0),
(1781, 5, 3, '', 509, 0),
(1782, 5, 4, '', 509, 0),
(1783, 3, 5, '', 509, 0),
(1784, 1, 1, '', 510, 0),
(1785, 2, 2, '', 510, 0),
(1786, 3, 3, '', 510, 0),
(1787, 3, 4, '', 510, 0),
(1788, 5, 1, '', 511, 0),
(1789, 3, 2, '', 511, 0),
(1790, 4, 3, '', 511, 0),
(1791, 2, 1, '', 512, 0),
(1792, 3, 2, '', 512, 0),
(1793, 3, 1, '', 513, 0),
(1794, 2, 2, '', 513, 0),
(1795, 2, 3, '', 513, 0),
(1796, 2, 4, '', 513, 0),
(1797, 1, 5, '', 513, 0),
(1798, 1, 1, '', 514, 0),
(1799, 4, 2, '', 514, 0),
(1800, 2, 3, '', 514, 0),
(1801, 4, 4, '', 514, 0),
(1802, 3, 1, '', 515, 0),
(1803, 1, 2, '', 515, 0),
(1804, 1, 3, '', 515, 0),
(1805, 5, 1, '', 516, 0),
(1806, 4, 2, '', 516, 0),
(1807, 5, 1, '', 517, 0),
(1808, 4, 2, '', 517, 0),
(1809, 1, 3, '', 517, 0),
(1810, 1, 4, '', 517, 0),
(1811, 3, 5, '', 517, 0),
(1812, 5, 1, '', 518, 0),
(1813, 3, 2, '', 518, 0),
(1814, 5, 3, '', 518, 0),
(1815, 1, 4, '', 518, 0),
(1816, 3, 1, '', 519, 0),
(1817, 5, 2, '', 519, 0),
(1818, 1, 3, '', 519, 0),
(1819, 2, 1, '', 520, 0),
(1820, 2, 2, '', 520, 0),
(1821, 1, 1, '', 521, 0),
(1822, 4, 2, '', 521, 0),
(1823, 3, 3, '', 521, 0),
(1824, 3, 4, '', 521, 0),
(1825, 5, 5, '', 521, 0),
(1826, 4, 1, '', 522, 0),
(1827, 2, 2, '', 522, 0),
(1828, 3, 3, '', 522, 0),
(1829, 4, 4, '', 522, 0),
(1830, 2, 1, '', 523, 0),
(1831, 5, 2, '', 523, 0),
(1832, 2, 3, '', 523, 0),
(1833, 5, 1, '', 524, 0),
(1834, 2, 2, '', 524, 0),
(1835, 2, 1, '', 525, 0),
(1836, 5, 2, '', 525, 0),
(1837, 3, 3, '', 525, 0),
(1838, 1, 4, '', 525, 0),
(1839, 2, 5, '', 525, 0),
(1840, 5, 1, '', 526, 0),
(1841, 2, 2, '', 526, 0),
(1842, 3, 3, '', 526, 0),
(1843, 4, 4, '', 526, 0),
(1844, 1, 1, '', 527, 0),
(1845, 5, 2, '', 527, 0),
(1846, 2, 3, '', 527, 0),
(1847, 1, 1, '', 528, 0),
(1848, 2, 2, '', 528, 0),
(1849, 4, 1, '', 529, 0),
(1850, 2, 2, '', 529, 0),
(1851, 2, 3, '', 529, 0),
(1852, 1, 4, '', 529, 0),
(1853, 1, 5, '', 529, 0),
(1854, 1, 1, '', 530, 0),
(1855, 3, 2, '', 530, 0),
(1856, 5, 3, '', 530, 0),
(1857, 1, 4, '', 530, 0),
(1858, 1, 1, '', 531, 0),
(1859, 3, 2, '', 531, 0),
(1860, 1, 3, '', 531, 0),
(1861, 4, 1, '', 532, 0),
(1862, 2, 2, '', 532, 0),
(1863, 4, 1, '', 533, 0),
(1864, 4, 2, '', 533, 0),
(1865, 5, 3, '', 533, 0),
(1866, 3, 4, '', 533, 0),
(1867, 1, 5, '', 533, 0),
(1868, 4, 1, '', 534, 0),
(1869, 4, 2, '', 534, 0),
(1870, 1, 3, '', 534, 0),
(1871, 3, 4, '', 534, 0),
(1872, 2, 1, '', 535, 0),
(1873, 3, 2, '', 535, 0),
(1874, 4, 3, '', 535, 0),
(1875, 5, 1, '', 536, 0),
(1876, 3, 2, '', 536, 0),
(1877, 1, 1, '', 537, 0),
(1878, 1, 2, '', 537, 0),
(1879, 2, 3, '', 537, 0),
(1880, 3, 4, '', 537, 0),
(1881, 3, 5, '', 537, 0),
(1882, 3, 1, '', 538, 0),
(1883, 4, 2, '', 538, 0),
(1884, 4, 3, '', 538, 0),
(1885, 5, 4, '', 538, 0),
(1886, 1, 1, '', 539, 0),
(1887, 3, 2, '', 539, 0),
(1888, 4, 3, '', 539, 0),
(1889, 5, 1, '', 540, 0),
(1890, 5, 2, '', 540, 0),
(1891, 2, 1, '', 541, 0),
(1892, 4, 2, '', 541, 0),
(1893, 2, 3, '', 541, 0),
(1894, 5, 4, '', 541, 0),
(1895, 2, 5, '', 541, 0),
(1896, 4, 1, '', 542, 0),
(1897, 3, 2, '', 542, 0),
(1898, 5, 3, '', 542, 0),
(1899, 2, 4, '', 542, 0),
(1900, 5, 1, '', 543, 0),
(1901, 3, 2, '', 543, 0),
(1902, 1, 3, '', 543, 0),
(1903, 5, 1, '', 544, 0),
(1904, 4, 2, '', 544, 0),
(1905, 3, 1, '', 545, 0),
(1906, 3, 2, '', 545, 0),
(1907, 5, 3, '', 545, 0),
(1908, 1, 4, '', 545, 0),
(1909, 1, 5, '', 545, 0),
(1910, 3, 1, '', 546, 0),
(1911, 1, 2, '', 546, 0),
(1912, 2, 3, '', 546, 0),
(1913, 4, 4, '', 546, 0),
(1914, 4, 1, '', 547, 0),
(1915, 2, 2, '', 547, 0),
(1916, 1, 3, '', 547, 0),
(1917, 5, 1, '', 548, 0),
(1918, 3, 2, '', 548, 0),
(1919, 5, 1, '', 549, 0),
(1920, 5, 2, '', 549, 0),
(1921, 5, 3, '', 549, 0),
(1922, 1, 4, '', 549, 0),
(1923, 3, 5, '', 549, 0),
(1924, 3, 1, '', 550, 0),
(1925, 1, 2, '', 550, 0),
(1926, 4, 3, '', 550, 0),
(1927, 1, 4, '', 550, 0),
(1928, 1, 1, '', 551, 0),
(1929, 5, 2, '', 551, 0),
(1930, 4, 3, '', 551, 0),
(1931, 2, 1, '', 552, 0),
(1932, 3, 2, '', 552, 0),
(1933, 4, 1, '', 553, 0),
(1934, 1, 2, '', 553, 0),
(1935, 5, 3, '', 553, 0),
(1936, 4, 4, '', 553, 0),
(1937, 4, 5, '', 553, 0),
(1938, 3, 1, '', 554, 0),
(1939, 2, 2, '', 554, 0),
(1940, 2, 3, '', 554, 0),
(1941, 1, 4, '', 554, 0),
(1942, 3, 1, '', 555, 0),
(1943, 2, 2, '', 555, 0),
(1944, 5, 3, '', 555, 0),
(1945, 2, 1, '', 556, 0),
(1946, 3, 2, '', 556, 0),
(1947, 4, 1, '', 557, 0),
(1948, 3, 2, '', 557, 0),
(1949, 5, 3, '', 557, 0),
(1950, 2, 4, '', 557, 0),
(1951, 4, 5, '', 557, 0),
(1952, 3, 1, '', 558, 0),
(1953, 2, 2, '', 558, 0),
(1954, 2, 3, '', 558, 0),
(1955, 2, 4, '', 558, 0),
(1956, 3, 1, '', 559, 0),
(1957, 3, 2, '', 559, 0),
(1958, 3, 3, '', 559, 0),
(1959, 1, 1, '', 560, 0),
(1960, 5, 2, '', 560, 0),
(1961, 2, 1, '', 561, 0),
(1962, 3, 2, '', 561, 0),
(1963, 4, 3, '', 561, 0),
(1964, 3, 4, '', 561, 0),
(1965, 2, 5, '', 561, 0),
(1966, 2, 1, '', 562, 0),
(1967, 3, 2, '', 562, 0),
(1968, 4, 3, '', 562, 0),
(1969, 4, 4, '', 562, 0),
(1970, 1, 1, '', 563, 0),
(1971, 2, 2, '', 563, 0),
(1972, 2, 3, '', 563, 0),
(1973, 4, 1, '', 564, 0),
(1974, 3, 2, '', 564, 0),
(1975, 1, 1, '', 565, 0),
(1976, 1, 2, '', 565, 0),
(1977, 4, 3, '', 565, 0),
(1978, 3, 4, '', 565, 0),
(1979, 1, 5, '', 565, 0),
(1980, 2, 1, '', 566, 0),
(1981, 5, 2, '', 566, 0),
(1982, 1, 3, '', 566, 0),
(1983, 3, 4, '', 566, 0),
(1984, 2, 1, '', 567, 0),
(1985, 5, 2, '', 567, 0),
(1986, 3, 3, '', 567, 0),
(1987, 1, 1, '', 568, 0),
(1988, 4, 2, '', 568, 0),
(1989, 2, 1, '', 569, 0),
(1990, 3, 2, '', 569, 0),
(1991, 5, 3, '', 569, 0),
(1992, 2, 4, '', 569, 0),
(1993, 4, 5, '', 569, 0),
(1994, 3, 1, '', 570, 0),
(1995, 4, 2, '', 570, 0),
(1996, 1, 3, '', 570, 0),
(1997, 1, 4, '', 570, 0),
(1998, 4, 1, '', 571, 0),
(1999, 1, 2, '', 571, 0),
(2000, 1, 3, '', 571, 0),
(2001, 1, 1, '', 572, 0),
(2002, 4, 2, '', 572, 0),
(2003, 1, 1, '', 573, 0),
(2004, 2, 2, '', 573, 0),
(2005, 1, 3, '', 573, 0),
(2006, 1, 4, '', 573, 0),
(2007, 5, 5, '', 573, 0),
(2008, 2, 1, '', 574, 0),
(2009, 4, 2, '', 574, 0),
(2010, 4, 3, '', 574, 0),
(2011, 5, 4, '', 574, 0),
(2012, 1, 1, '', 575, 0),
(2013, 3, 2, '', 575, 0),
(2014, 3, 3, '', 575, 0),
(2015, 5, 1, '', 576, 0),
(2016, 3, 2, '', 576, 0),
(2017, 3, 1, '', 577, 0),
(2018, 5, 2, '', 577, 0),
(2019, 1, 3, '', 577, 0),
(2020, 1, 4, '', 577, 0),
(2021, 4, 5, '', 577, 0),
(2022, 5, 1, '', 578, 0),
(2023, 5, 2, '', 578, 0),
(2024, 4, 3, '', 578, 0),
(2025, 1, 4, '', 578, 0),
(2026, 5, 1, '', 579, 0),
(2027, 1, 2, '', 579, 0),
(2028, 1, 3, '', 579, 0),
(2029, 1, 1, '', 580, 0),
(2030, 4, 2, '', 580, 0),
(2031, 3, 1, '', 581, 0),
(2032, 4, 2, '', 581, 0),
(2033, 5, 3, '', 581, 0),
(2034, 2, 4, '', 581, 0),
(2035, 4, 5, '', 581, 0),
(2036, 2, 1, '', 582, 0),
(2037, 1, 2, '', 582, 0),
(2038, 2, 3, '', 582, 0),
(2039, 2, 4, '', 582, 0),
(2040, 3, 1, '', 583, 0),
(2041, 4, 2, '', 583, 0),
(2042, 5, 3, '', 583, 0),
(2043, 1, 1, '', 584, 0),
(2044, 1, 2, '', 584, 0),
(2045, 3, 1, '', 585, 0),
(2046, 2, 2, '', 585, 0),
(2047, 3, 3, '', 585, 0),
(2048, 4, 4, '', 585, 0),
(2049, 4, 5, '', 585, 0),
(2050, 2, 1, '', 586, 0),
(2051, 3, 2, '', 586, 0),
(2052, 2, 3, '', 586, 0),
(2053, 1, 4, '', 586, 0),
(2054, 5, 1, '', 587, 0),
(2055, 4, 2, '', 587, 0),
(2056, 5, 3, '', 587, 0),
(2057, 2, 1, '', 588, 0),
(2058, 5, 2, '', 588, 0),
(2059, 4, 1, '', 589, 0),
(2060, 3, 2, '', 589, 0),
(2061, 1, 3, '', 589, 0),
(2062, 3, 4, '', 589, 0),
(2063, 4, 5, '', 589, 0),
(2064, 2, 1, '', 590, 0),
(2065, 3, 2, '', 590, 0),
(2066, 3, 3, '', 590, 0),
(2067, 4, 4, '', 590, 0),
(2068, 5, 1, '', 591, 0),
(2069, 3, 2, '', 591, 0),
(2070, 1, 3, '', 591, 0),
(2071, 2, 1, '', 592, 0),
(2072, 3, 2, '', 592, 0),
(2073, 1, 1, '', 593, 0),
(2074, 3, 2, '', 593, 0),
(2075, 4, 3, '', 593, 0),
(2076, 5, 4, '', 593, 0),
(2077, 5, 5, '', 593, 0),
(2078, 5, 1, '', 594, 0),
(2079, 5, 2, '', 594, 0),
(2080, 2, 3, '', 594, 0),
(2081, 2, 4, '', 594, 0),
(2082, 1, 1, '', 595, 0),
(2083, 4, 2, '', 595, 0),
(2084, 2, 3, '', 595, 0),
(2085, 2, 1, '', 596, 0),
(2086, 2, 2, '', 596, 0),
(2087, 3, 1, '', 597, 0),
(2088, 2, 2, '', 597, 0),
(2089, 2, 3, '', 597, 0),
(2090, 4, 4, '', 597, 0),
(2091, 3, 5, '', 597, 0),
(2092, 2, 1, '', 598, 0),
(2093, 1, 2, '', 598, 0),
(2094, 2, 3, '', 598, 0),
(2095, 4, 4, '', 598, 0),
(2096, 1, 1, '', 599, 0),
(2097, 3, 2, '', 599, 0),
(2098, 3, 3, '', 599, 0),
(2099, 4, 1, '', 600, 0),
(2100, 3, 2, '', 600, 0),
(2101, 5, 1, '', 601, 0),
(2102, 4, 2, '', 601, 0),
(2103, 2, 3, '', 601, 0),
(2104, 2, 4, '', 601, 0),
(2105, 2, 5, '', 601, 0),
(2106, 2, 1, '', 602, 0),
(2107, 3, 2, '', 602, 0),
(2108, 2, 3, '', 602, 0),
(2109, 4, 4, '', 602, 0),
(2110, 1, 1, '', 603, 0),
(2111, 2, 2, '', 603, 0),
(2112, 2, 3, '', 603, 0),
(2113, 2, 1, '', 604, 0),
(2114, 2, 2, '', 604, 0),
(2115, 2, 1, '', 605, 0),
(2116, 4, 2, '', 605, 0),
(2117, 2, 3, '', 605, 0),
(2118, 4, 4, '', 605, 0),
(2119, 2, 5, '', 605, 0),
(2120, 2, 1, '', 606, 0),
(2121, 4, 2, '', 606, 0),
(2122, 2, 3, '', 606, 0),
(2123, 3, 4, '', 606, 0),
(2124, 2, 1, '', 607, 0),
(2125, 4, 2, '', 607, 0),
(2126, 3, 3, '', 607, 0),
(2127, 1, 1, '', 608, 0),
(2128, 2, 2, '', 608, 0),
(2129, 2, 1, '', 609, 0),
(2130, 2, 2, '', 609, 0),
(2131, 1, 3, '', 609, 0),
(2132, 1, 4, '', 609, 0),
(2133, 4, 5, '', 609, 0),
(2134, 1, 1, '', 610, 0),
(2135, 4, 2, '', 610, 0),
(2136, 3, 3, '', 610, 0),
(2137, 2, 4, '', 610, 0),
(2138, 4, 1, '', 611, 0),
(2139, 2, 2, '', 611, 0),
(2140, 3, 3, '', 611, 0),
(2141, 4, 1, '', 612, 0);
INSERT INTO `avaliacao` (`id`, `nota`, `categoria`, `comentario`, `local`, `usuario`) VALUES
(2142, 5, 2, '', 612, 0),
(2143, 2, 1, '', 613, 0),
(2144, 5, 2, '', 613, 0),
(2145, 3, 3, '', 613, 0),
(2146, 1, 4, '', 613, 0),
(2147, 3, 5, '', 613, 0),
(2148, 2, 1, '', 614, 0),
(2149, 1, 2, '', 614, 0),
(2150, 4, 3, '', 614, 0),
(2151, 5, 4, '', 614, 0),
(2152, 1, 1, '', 615, 0),
(2153, 4, 2, '', 615, 0),
(2154, 1, 3, '', 615, 0),
(2155, 2, 1, '', 616, 0),
(2156, 4, 2, '', 616, 0),
(2157, 2, 1, '', 617, 0),
(2158, 4, 2, '', 617, 0),
(2159, 2, 3, '', 617, 0),
(2160, 1, 4, '', 617, 0),
(2161, 5, 5, '', 617, 0),
(2162, 4, 1, '', 618, 0),
(2163, 4, 2, '', 618, 0),
(2164, 5, 3, '', 618, 0),
(2165, 1, 4, '', 618, 0),
(2166, 4, 1, '', 619, 0),
(2167, 2, 2, '', 619, 0),
(2168, 2, 3, '', 619, 0),
(2169, 2, 1, '', 620, 0),
(2170, 3, 2, '', 620, 0),
(2171, 5, 1, '', 621, 0),
(2172, 4, 2, '', 621, 0),
(2173, 4, 3, '', 621, 0),
(2174, 3, 4, '', 621, 0),
(2175, 1, 5, '', 621, 0),
(2176, 5, 1, '', 622, 0),
(2177, 4, 2, '', 622, 0),
(2178, 4, 3, '', 622, 0),
(2179, 2, 4, '', 622, 0),
(2180, 5, 1, '', 623, 0),
(2181, 1, 2, '', 623, 0),
(2182, 1, 3, '', 623, 0),
(2183, 1, 1, '', 624, 0),
(2184, 1, 2, '', 624, 0),
(2185, 2, 1, '', 625, 0),
(2186, 2, 2, '', 625, 0),
(2187, 4, 3, '', 625, 0),
(2188, 3, 4, '', 625, 0),
(2189, 2, 5, '', 625, 0),
(2190, 2, 1, '', 626, 0),
(2191, 1, 2, '', 626, 0),
(2192, 3, 3, '', 626, 0),
(2193, 5, 4, '', 626, 0),
(2194, 5, 1, '', 627, 0),
(2195, 5, 2, '', 627, 0),
(2196, 3, 3, '', 627, 0),
(2197, 4, 1, '', 628, 0),
(2198, 2, 2, '', 628, 0),
(2199, 5, 1, '', 629, 0),
(2200, 4, 2, '', 629, 0),
(2201, 4, 3, '', 629, 0),
(2202, 2, 4, '', 629, 0),
(2203, 4, 5, '', 629, 0),
(2204, 4, 1, '', 630, 0),
(2205, 2, 2, '', 630, 0),
(2206, 2, 3, '', 630, 0),
(2207, 5, 4, '', 630, 0),
(2208, 1, 1, '', 631, 0),
(2209, 1, 2, '', 631, 0),
(2210, 4, 3, '', 631, 0),
(2211, 3, 1, '', 632, 0),
(2212, 5, 2, '', 632, 0),
(2213, 3, 1, '', 633, 0),
(2214, 3, 2, '', 633, 0),
(2215, 5, 3, '', 633, 0),
(2216, 4, 4, '', 633, 0),
(2217, 4, 5, '', 633, 0),
(2218, 2, 1, '', 634, 0),
(2219, 1, 2, '', 634, 0),
(2220, 2, 3, '', 634, 0),
(2221, 1, 4, '', 634, 0),
(2222, 4, 1, '', 635, 0),
(2223, 1, 2, '', 635, 0),
(2224, 3, 3, '', 635, 0),
(2225, 4, 1, '', 636, 0),
(2226, 3, 2, '', 636, 0),
(2227, 4, 1, '', 637, 0),
(2228, 3, 2, '', 637, 0),
(2229, 4, 3, '', 637, 0),
(2230, 3, 4, '', 637, 0),
(2231, 5, 5, '', 637, 0),
(2232, 4, 1, '', 638, 0),
(2233, 2, 2, '', 638, 0),
(2234, 5, 3, '', 638, 0),
(2235, 3, 4, '', 638, 0),
(2236, 3, 1, '', 639, 0),
(2237, 2, 2, '', 639, 0),
(2238, 5, 3, '', 639, 0),
(2239, 2, 1, '', 640, 0),
(2240, 3, 2, '', 640, 0),
(2241, 3, 1, '', 30, 1),
(2242, 0, 2, '', 30, 1),
(2243, 0, 3, '', 30, 1),
(2244, 2, 4, '', 30, 1);

-- --------------------------------------------------------

--
-- Estrutura da tabela `categoria`
--

CREATE TABLE `categoria` (
  `id` int(11) NOT NULL,
  `titulo` varchar(30) NOT NULL,
  `descricao` varchar(255) NOT NULL,
  `icon` varchar(30) NOT NULL
) ENGINE=InnoDB DEFAULT CHARSET=latin1;

--
-- Extraindo dados da tabela `categoria`
--

INSERT INTO `categoria` (`id`, `titulo`, `descricao`, `icon`) VALUES
(1, 'Banheiro', 'bitmap-copy-4', 'bitmap-copy-4.png'),
(2, 'Alimentação', 'food-copy-3', 'food-copy-3.png'),
(3, 'Descanso', 'sleep-copy-6', 'sleep-copy-6.png'),
(4, 'Banho', 'bathroom-copy-4', 'bathroom-copy-4.png'),
(5, 'Combustível', 'gas-copy-3', 'gas-copy-3.png');

-- --------------------------------------------------------

--
-- Estrutura da tabela `grupo`
--

CREATE TABLE `grupo` (
  `id` int(11) NOT NULL,
  `descricao` varchar(255) NOT NULL,
  `nome` varchar(60) NOT NULL,
  `freqradio` varchar(3) NOT NULL,
  `lat` float NOT NULL,
  `long` float NOT NULL
) ENGINE=InnoDB DEFAULT CHARSET=latin1;

--
-- Extraindo dados da tabela `grupo`
--

INSERT INTO `grupo` (`id`, `descricao`, `nome`, `freqradio`, `lat`, `long`) VALUES
(1, 'Descricao1', 'Nome1', '22', -22.9068, -43.1663),
(2, 'Descricao2', 'Nome2', '22', -22.8964, -43.1854),
(3, 'Descricao2', 'Nome2', '22', -22.8983, -43.2113),
(4, 'Descricao3', 'Nome3', '33', -22.912, -43.2111),
(5, 'Descricao5', 'Nome5', '55', -22.9125, -43.1933),
(6, 'Descricao4', 'Nome4', '44', -22.9204, -43.1884),
(7, 'Descricao4', 'Nome4', '44', -22.9211, -43.1788),
(8, 'Descricao7', 'Nome7', '77', -22.9155, -43.1745),
(9, 'Descricao6', 'Nome6', '66', -22.9124, -43.169);

-- --------------------------------------------------------

--
-- Estrutura da tabela `local`
--

CREATE TABLE `local` (
  `id` int(11) NOT NULL,
  `nome` varchar(60) NOT NULL,
  `descricao` varchar(255) NOT NULL,
  `categoria` int(11) NOT NULL,
  `lat` float(10,6) NOT NULL,
  `long` float(10,6) NOT NULL
) ENGINE=InnoDB DEFAULT CHARSET=latin1;

--
-- Extraindo dados da tabela `local`
--

INSERT INTO `local` (`id`, `nome`, `descricao`, `categoria`, `lat`, `long`) VALUES
(1, 'Parada0', 'QWEQWEWQ', 1, -32.507160, -53.390251),
(2, 'Parada1', 'QWEQWEWQ', 1, -32.405186, -53.203484),
(3, 'Parada2', 'QWEQWEWQ', 1, -32.256657, -53.093620),
(4, 'Parada3', 'QWEQWEWQ', 1, -32.098576, -52.917839),
(5, 'Parada4', 'QWEQWEWQ', 1, -31.996143, -52.775017),
(6, 'Parada5', 'QWEQWEWQ', 1, -31.809608, -52.632195),
(7, 'Parada6', 'QWEQWEWQ', 1, -31.781595, -52.489372),
(8, 'Parada7', 'QWEQWEWQ', 1, -31.744230, -52.357536),
(9, 'Parada8', 'QWEQWEWQ', 1, -32.061340, -52.214714),
(10, 'Parada9', 'QWEQWEWQ', 1, -32.089268, -51.940056),
(11, 'Parada10', 'QWEQWEWQ', 1, -31.809608, -51.709343),
(12, 'Parada11', 'QWEQWEWQ', 1, -31.510366, -51.258904),
(13, 'Parada12', 'QWEQWEWQ', 1, -31.266523, -51.050163),
(14, 'Parada13', 'QWEQWEWQ', 1, -30.956123, -50.775505),
(15, 'Parada14', 'QWEQWEWQ', 1, -30.720297, -50.566765),
(16, 'Parada15', 'QWEQWEWQ', 1, -30.559605, -50.522820),
(17, 'Parada16', 'QWEQWEWQ', 1, -30.265892, -50.489861),
(18, 'Parada17', 'QWEQWEWQ', 1, -30.104450, -50.456902),
(19, 'Parada18', 'QWEQWEWQ', 1, -29.914179, -50.281120),
(20, 'Parada19', 'QWEQWEWQ', 1, -29.847498, -50.654655),
(21, 'Parada20', 'QWEQWEWQ', 1, -29.942743, -51.127068),
(22, 'Parada21', 'QWEQWEWQ', 1, -30.028385, -51.313835),
(23, 'Parada22', 'QWEQWEWQ', 1, -30.313326, -51.390739),
(24, 'Parada23', 'QWEQWEWQ', 1, -30.531219, -51.511589),
(25, 'Parada24', 'QWEQWEWQ', 1, -30.776949, -51.654411),
(26, 'Parada25', 'QWEQWEWQ', 1, -30.909004, -51.973015),
(27, 'Parada26', 'QWEQWEWQ', 1, -31.106749, -52.071892),
(28, 'Parada27', 'QWEQWEWQ', 1, -31.294691, -52.038933),
(29, 'Parada28', 'QWEQWEWQ', 1, -31.491632, -52.159782),
(30, 'Parada29', 'QWEQWEWQ', 1, -31.669458, -52.335564),
(31, 'Parada30', 'QWEQWEWQ', 1, -31.632050, -52.533318),
(32, 'Parada31', 'QWEQWEWQ', 1, -31.463524, -52.588249),
(33, 'Parada32', 'QWEQWEWQ', 1, -31.285303, -52.698112),
(34, 'Parada33', 'QWEQWEWQ', 1, -31.116154, -52.851921),
(35, 'Parada34', 'QWEQWEWQ', 1, -31.012634, -52.961784),
(36, 'Parada35', 'QWEQWEWQ', 1, -30.833567, -53.148552),
(37, 'Parada36', 'QWEQWEWQ', 1, -30.701406, -53.203484),
(38, 'Parada37', 'QWEQWEWQ', 1, -30.597439, -53.412224),
(39, 'Parada38', 'QWEQWEWQ', 1, -30.436543, -53.401237),
(40, 'Parada39', 'QWEQWEWQ', 1, -30.313326, -53.335320),
(41, 'Parada40', 'QWEQWEWQ', 1, -30.284868, -52.917839),
(42, 'Parada41', 'QWEQWEWQ', 1, -30.256403, -52.731071),
(43, 'Parada42', 'QWEQWEWQ', 1, -30.227930, -52.379509),
(44, 'Parada43', 'QWEQWEWQ', 1, -30.161461, -52.137810),
(45, 'Parada44', 'QWEQWEWQ', 1, -30.151960, -51.852165),
(46, 'Parada45', 'QWEQWEWQ', 1, -30.085440, -51.412712),
(47, 'Parada46', 'QWEQWEWQ', 1, -30.037895, -51.786247),
(48, 'Parada47', 'QWEQWEWQ', 1, -29.895132, -51.434685),
(49, 'Parada48', 'QWEQWEWQ', 1, -29.837969, -51.203972),
(50, 'Parada49', 'QWEQWEWQ', 1, -29.799841, -50.918327),
(51, 'Parada50', 'QWEQWEWQ', 1, -30.085440, -50.852409),
(52, 'Parada51', 'QWEQWEWQ', 1, -30.085440, -51.039177),
(53, 'Parada52', 'QWEQWEWQ', 1, -29.999846, -51.094109),
(54, 'Parada53', 'QWEQWEWQ', 1, -29.999846, -51.357780),
(55, 'Parada54', 'QWEQWEWQ', 1, -29.685373, -51.720329),
(56, 'Parada55', 'QWEQWEWQ', 1, -29.685373, -51.918083),
(57, 'Parada56', 'QWEQWEWQ', 1, -29.656736, -52.082878),
(58, 'Parada57', 'QWEQWEWQ', 1, -29.647188, -52.324577),
(59, 'Parada58', 'QWEQWEWQ', 1, -29.694918, -52.467400),
(60, 'Parada59', 'QWEQWEWQ', 1, -29.656736, -52.665154),
(61, 'Parada60', 'QWEQWEWQ', 1, -29.666283, -52.851921),
(62, 'Parada61', 'QWEQWEWQ', 1, -29.723543, -53.093620),
(63, 'Parada62', 'QWEQWEWQ', 1, -29.876081, -53.016716),
(64, 'Parada63', 'QWEQWEWQ', 1, -30.018873, -52.917839),
(65, 'Parada64', 'QWEQWEWQ', 1, -30.132959, -52.840935),
(66, 'Parada65', 'QWEQWEWQ', 1, -30.332293, -53.511101),
(67, 'Parada66', 'QWEQWEWQ', 1, -30.208942, -53.577019),
(68, 'Parada67', 'QWEQWEWQ', 1, -30.056915, -53.642937),
(69, 'Parada68', 'QWEQWEWQ', 1, -29.904655, -53.785759),
(70, 'Parada69', 'QWEQWEWQ', 1, -29.761700, -53.818718),
(71, 'Parada70', 'QWEQWEWQ', 1, -29.618540, -53.807732),
(72, 'Parada71', 'QWEQWEWQ', 1, -29.733084, -53.555046),
(73, 'Parada72', 'QWEQWEWQ', 1, -29.733084, -53.324333),
(74, 'Parada73', 'QWEQWEWQ', 1, -29.694918, -53.203484),
(75, 'Parada74', 'QWEQWEWQ', 1, -29.618540, -52.621208),
(76, 'Parada75', 'QWEQWEWQ', 1, -29.561218, -52.423454),
(77, 'Parada76', 'QWEQWEWQ', 1, -29.589884, -52.170769),
(78, 'Parada77', 'QWEQWEWQ', 1, -29.513426, -52.005974),
(79, 'Parada78', 'QWEQWEWQ', 1, -29.436911, -51.973015),
(80, 'Parada79', 'QWEQWEWQ', 1, -29.264542, -52.126823),
(81, 'Parada80', 'QWEQWEWQ', 1, -29.063078, -52.203728),
(82, 'Parada81', 'QWEQWEWQ', 1, -28.890078, -52.335564),
(83, 'Parada82', 'QWEQWEWQ', 1, -28.774586, -52.533318),
(84, 'Parada83', 'QWEQWEWQ', 1, -28.967003, -52.610222),
(85, 'Parada84', 'QWEQWEWQ', 1, -29.168655, -52.610222),
(86, 'Parada85', 'QWEQWEWQ', 1, -29.274126, -52.676140),
(87, 'Parada86', 'QWEQWEWQ', 1, -29.408203, -52.687126),
(88, 'Parada87', 'QWEQWEWQ', 1, -29.503864, -52.665154),
(89, 'Parada88', 'QWEQWEWQ', 1, -29.561218, -53.774773),
(90, 'Parada89', 'QWEQWEWQ', 1, -29.436911, -53.719841),
(91, 'Parada90', 'QWEQWEWQ', 1, -29.341187, -53.653923),
(92, 'Parada91', 'QWEQWEWQ', 1, -29.216610, -53.686882),
(93, 'Parada92', 'QWEQWEWQ', 1, -29.043869, -53.631950),
(94, 'Parada93', 'QWEQWEWQ', 1, -28.909315, -53.620964),
(95, 'Parada94', 'QWEQWEWQ', 1, -28.707155, -53.566032),
(96, 'Parada95', 'QWEQWEWQ', 1, -28.562515, -53.620964),
(97, 'Parada96', 'QWEQWEWQ', 1, -28.562515, -53.467155),
(98, 'Parada97', 'QWEQWEWQ', 1, -28.610752, -53.313347),
(99, 'Parada98', 'QWEQWEWQ', 1, -28.437002, -53.115593),
(100, 'Parada99', 'QWEQWEWQ', 1, -28.359688, -52.928825),
(101, 'Parada100', 'QWEQWEWQ', 1, -28.340349, -52.742058),
(102, 'Parada101', 'QWEQWEWQ', 1, -28.475637, -52.610222),
(103, 'Parada102', 'QWEQWEWQ', 1, -28.630039, -52.555290),
(104, 'Parada103', 'QWEQWEWQ', 1, -28.697519, -52.599236),
(105, 'Parada104', 'QWEQWEWQ', 1, -28.601107, -52.895866),
(106, 'Parada105', 'QWEQWEWQ', 1, -28.630039, -53.115593),
(107, 'Parada106', 'QWEQWEWQ', 1, -28.957390, -53.412224),
(108, 'Parada107', 'QWEQWEWQ', 1, -29.063078, -53.225456),
(109, 'Parada108', 'QWEQWEWQ', 1, -29.216610, -53.082634),
(110, 'Parada109', 'QWEQWEWQ', 1, -29.360338, -53.060661),
(111, 'Parada110', 'QWEQWEWQ', 1, -29.302872, -52.961784),
(112, 'Parada111', 'QWEQWEWQ', 1, -29.178247, -52.775017),
(113, 'Parada112', 'QWEQWEWQ', 1, -28.262966, -52.566277),
(114, 'Parada113', 'QWEQWEWQ', 1, -28.214573, -52.467400),
(115, 'Parada114', 'QWEQWEWQ', 1, -28.311338, -52.236687),
(116, 'Parada115', 'QWEQWEWQ', 1, -28.330681, -52.071892),
(117, 'Parada116', 'QWEQWEWQ', 1, -28.291990, -51.852165),
(118, 'Parada117', 'QWEQWEWQ', 1, -28.233932, -51.698357),
(119, 'Parada118', 'QWEQWEWQ', 1, -28.233932, -51.599480),
(120, 'Parada119', 'QWEQWEWQ', 1, -28.301664, -51.401726),
(121, 'Parada120', 'QWEQWEWQ', 1, -28.350019, -51.214958),
(122, 'Parada121', 'QWEQWEWQ', 1, -28.359688, -51.028191),
(123, 'Parada122', 'QWEQWEWQ', 1, -28.465981, -50.951286),
(124, 'Parada123', 'QWEQWEWQ', 1, -28.543217, -51.039177),
(125, 'Parada124', 'QWEQWEWQ', 1, -28.668606, -51.116081),
(126, 'Parada125', 'QWEQWEWQ', 1, -28.841972, -51.160027),
(127, 'Parada126', 'QWEQWEWQ', 1, -29.082281, -51.072136),
(128, 'Parada127', 'QWEQWEWQ', 1, -29.139872, -51.171013),
(129, 'Parada128', 'QWEQWEWQ', 1, -29.274126, -51.171013),
(130, 'Parada129', 'QWEQWEWQ', 1, -29.408203, -51.160027),
(131, 'Parada130', 'QWEQWEWQ', 1, -29.513426, -51.116081),
(132, 'Parada131', 'QWEQWEWQ', 1, -29.675829, -51.116081),
(133, 'Parada132', 'QWEQWEWQ', 1, -29.771236, -51.313835),
(134, 'Parada133', 'QWEQWEWQ', 1, -29.675829, -51.511589),
(135, 'Parada134', 'QWEQWEWQ', 1, -29.790306, -51.478630),
(136, 'Parada135', 'QWEQWEWQ', 1, -29.761700, -50.951286),
(137, 'Parada136', 'QWEQWEWQ', 1, -29.771236, -50.226189),
(138, 'Parada137', 'QWEQWEWQ', 1, -29.656736, -50.083366),
(139, 'Parada138', 'QWEQWEWQ', 1, -29.503864, -49.962517),
(140, 'Parada139', 'QWEQWEWQ', 1, -29.417774, -49.786736),
(141, 'Parada140', 'QWEQWEWQ', 1, -29.274126, -49.764763),
(142, 'Parada141', 'QWEQWEWQ', 1, -29.139872, -49.687859),
(143, 'Parada142', 'QWEQWEWQ', 1, -29.015051, -49.599968),
(144, 'Parada143', 'QWEQWEWQ', 1, -28.832348, -49.797722),
(145, 'Parada144', 'QWEQWEWQ', 1, -28.707155, -50.226189),
(146, 'Parada145', 'QWEQWEWQ', 1, -28.630039, -50.632683),
(147, 'Parada146', 'QWEQWEWQ', 1, -28.562515, -50.841423),
(148, 'Parada147', 'QWEQWEWQ', 1, -28.437002, -50.885368),
(149, 'Parada148', 'QWEQWEWQ', 1, -28.282316, -50.731560),
(150, 'Parada149', 'QWEQWEWQ', 1, -28.098337, -50.687614),
(151, 'Parada150', 'QWEQWEWQ', 1, -28.059565, -50.577751),
(152, 'Parada151', 'QWEQWEWQ', 1, -27.933456, -50.467888),
(153, 'Parada152', 'QWEQWEWQ', 1, -27.816917, -50.314079),
(154, 'Parada153', 'QWEQWEWQ', 1, -27.758600, -50.149284),
(155, 'Parada154', 'QWEQWEWQ', 1, -27.758600, -49.929558),
(156, 'Parada155', 'QWEQWEWQ', 1, -27.739155, -49.808708),
(157, 'Parada156', 'QWEQWEWQ', 1, -27.778044, -49.709831),
(158, 'Parada157', 'QWEQWEWQ', 1, -27.816917, -49.512077),
(159, 'Parada158', 'QWEQWEWQ', 1, -27.798450, -49.444687),
(160, 'Parada159', 'QWEQWEWQ', 1, -27.776583, -49.392502),
(161, 'Parada160', 'QWEQWEWQ', 1, -27.727970, -49.378765),
(162, 'Parada161', 'QWEQWEWQ', 1, -27.706087, -49.334824),
(163, 'Parada162', 'QWEQWEWQ', 1, -27.693928, -49.268906),
(164, 'Parada163', 'QWEQWEWQ', 1, -27.713381, -49.222214),
(165, 'Parada164', 'QWEQWEWQ', 1, -27.684198, -49.134319),
(166, 'Parada165', 'QWEQWEWQ', 1, -27.681767, -48.991501),
(167, 'Parada166', 'QWEQWEWQ', 1, -27.693928, -48.950298),
(168, 'Parada167', 'QWEQWEWQ', 1, -27.713381, -48.911846),
(169, 'Parada168', 'QWEQWEWQ', 1, -27.715813, -48.801987),
(170, 'Parada169', 'QWEQWEWQ', 1, -27.686632, -48.730576),
(171, 'Parada170', 'QWEQWEWQ', 1, -27.686632, -48.653671),
(172, 'Parada171', 'QWEQWEWQ', 1, -27.742556, -48.653671),
(173, 'Parada172', 'QWEQWEWQ', 1, -27.842175, -48.620712),
(174, 'Parada173', 'QWEQWEWQ', 1, -27.900448, -48.656418),
(175, 'Parada174', 'QWEQWEWQ', 1, -27.951408, -48.697617),
(176, 'Parada175', 'QWEQWEWQ', 1, -28.036291, -48.703110),
(177, 'Parada176', 'QWEQWEWQ', 1, -28.082342, -48.716843),
(178, 'Parada177', 'QWEQWEWQ', 1, -28.157436, -48.692123),
(179, 'Parada178', 'QWEQWEWQ', 1, -28.256674, -48.708603),
(180, 'Parada179', 'QWEQWEWQ', 1, -28.319555, -48.716843),
(181, 'Parada180', 'QWEQWEWQ', 1, -28.382402, -48.758041),
(182, 'Parada181', 'QWEQWEWQ', 1, -28.423473, -48.796494),
(183, 'Parada182', 'QWEQWEWQ', 1, -28.440380, -48.843185),
(184, 'Parada183', 'QWEQWEWQ', 1, -28.423473, -48.889877),
(185, 'Parada184', 'QWEQWEWQ', 1, -28.372736, -48.876144),
(186, 'Parada185', 'QWEQWEWQ', 1, -28.285702, -48.887131),
(187, 'Parada186', 'QWEQWEWQ', 1, -28.213118, -48.878887),
(188, 'Parada187', 'QWEQWEWQ', 1, -28.157436, -48.975021),
(189, 'Parada188', 'QWEQWEWQ', 1, -28.123529, -49.049175),
(190, 'Parada189', 'QWEQWEWQ', 1, -28.145329, -49.134319),
(191, 'Parada190', 'QWEQWEWQ', 1, -28.205856, -49.156296),
(192, 'Parada191', 'QWEQWEWQ', 1, -28.106571, -49.370525),
(193, 'Parada192', 'QWEQWEWQ', 1, -28.072649, -49.304607),
(194, 'Parada193', 'QWEQWEWQ', 1, -28.033867, -49.477646),
(195, 'Parada194', 'QWEQWEWQ', 1, -28.002346, -49.601238),
(196, 'Parada195', 'QWEQWEWQ', 1, -27.907728, -49.565536),
(197, 'Parada196', 'QWEQWEWQ', 1, -27.839746, -49.804485),
(198, 'Parada197', 'QWEQWEWQ', 1, -27.951408, -49.667156),
(199, 'Parada198', 'QWEQWEWQ', 1, -27.919863, -49.947311),
(200, 'Parada199', 'QWEQWEWQ', 1, -27.893164, -50.191753),
(201, 'Parada200', 'QWEQWEWQ', 1, -27.839746, -50.246689),
(202, 'Parada201', 'QWEQWEWQ', 1, -28.089611, -50.035198),
(203, 'Parada202', 'QWEQWEWQ', 1, -28.181648, -49.994003),
(204, 'Parada203', 'QWEQWEWQ', 1, -28.244576, -49.958298),
(205, 'Parada204', 'QWEQWEWQ', 1, -28.346149, -49.939072),
(206, 'Parada205', 'QWEQWEWQ', 1, -28.408979, -50.040691),
(207, 'Parada206', 'QWEQWEWQ', 1, -28.469358, -50.059921),
(208, 'Parada207', 'QWEQWEWQ', 1, -28.524876, -50.092880),
(209, 'Parada208', 'QWEQWEWQ', 1, -28.551416, -50.210983),
(210, 'Parada209', 'QWEQWEWQ', 1, -28.623770, -50.254929),
(211, 'Parada210', 'QWEQWEWQ', 1, -28.633411, -50.425217),
(212, 'Parada211', 'QWEQWEWQ', 1, -28.782768, -50.447189),
(213, 'Parada212', 'QWEQWEWQ', 1, -28.879013, -50.441692),
(214, 'Parada213', 'QWEQWEWQ', 1, -28.965557, -50.485641),
(215, 'Parada214', 'QWEQWEWQ', 1, -29.023214, -50.606487),
(216, 'Parada215', 'QWEQWEWQ', 1, -29.119238, -50.650436),
(217, 'Parada216', 'QWEQWEWQ', 1, -29.195990, -50.716354),
(218, 'Parada217', 'QWEQWEWQ', 1, -29.401979, -50.892136),
(219, 'Parada218', 'QWEQWEWQ', 1, -29.349323, -50.650436),
(220, 'Parada219', 'QWEQWEWQ', 1, -29.421122, -50.568035),
(221, 'Parada220', 'QWEQWEWQ', 1, -29.349323, -50.518600),
(222, 'Parada221', 'QWEQWEWQ', 1, -29.100039, -50.425217),
(223, 'Parada222', 'QWEQWEWQ', 1, -28.955946, -50.419724),
(224, 'Parada223', 'QWEQWEWQ', 1, -28.869392, -49.985764),
(225, 'Parada224', 'QWEQWEWQ', 1, -28.792397, -49.991257),
(226, 'Parada225', 'QWEQWEWQ', 1, -30.226503, -54.660442),
(227, 'Parada226', 'QWEQWEWQ', 1, -30.283443, -54.495651),
(228, 'Parada227', 'QWEQWEWQ', 1, -30.340349, -54.391277),
(229, 'Parada228', 'QWEQWEWQ', 1, -30.330868, -54.182541),
(230, 'Parada229', 'QWEQWEWQ', 1, -30.340349, -53.995773),
(231, 'Parada230', 'QWEQWEWQ', 1, -30.349831, -53.830978),
(232, 'Parada231', 'QWEQWEWQ', 1, -30.368790, -53.556316),
(233, 'Parada232', 'QWEQWEWQ', 1, -30.420910, -53.451946),
(234, 'Parada233', 'QWEQWEWQ', 1, -30.572372, -53.528854),
(235, 'Parada234', 'QWEQWEWQ', 1, -30.775530, -53.413494),
(236, 'Parada235', 'QWEQWEWQ', 1, -30.817997, -53.528854),
(237, 'Parada236', 'QWEQWEWQ', 1, -30.917013, -53.666183),
(238, 'Parada237', 'QWEQWEWQ', 1, -31.081816, -53.671677),
(239, 'Parada238', 'QWEQWEWQ', 1, -31.175858, -53.803513),
(240, 'Parada239', 'QWEQWEWQ', 1, -31.307364, -53.902390),
(241, 'Parada240', 'QWEQWEWQ', 1, -31.326134, -54.177048),
(242, 'Parada241', 'QWEQWEWQ', 1, -31.213449, -54.275925),
(243, 'Parada242', 'QWEQWEWQ', 1, -31.086519, -54.556072),
(244, 'Parada243', 'QWEQWEWQ', 1, -30.926439, -54.720867),
(245, 'Parada244', 'QWEQWEWQ', 1, -30.799126, -55.121868),
(246, 'Parada245', 'QWEQWEWQ', 1, -30.657469, -55.127361),
(247, 'Parada246', 'QWEQWEWQ', 1, -30.491938, -55.066940),
(248, 'Parada247', 'QWEQWEWQ', 1, -30.368790, -55.028484),
(249, 'Parada248', 'QWEQWEWQ', 1, -30.264467, -54.968063),
(250, 'Parada249', 'QWEQWEWQ', 1, -30.198021, -54.781296),
(251, 'Parada250', 'QWEQWEWQ', 1, -30.169531, -54.654949),
(252, 'Parada251', 'QWEQWEWQ', 1, -29.984142, -54.528610),
(253, 'Parada252', 'QWEQWEWQ', 1, -29.936552, -54.385784),
(254, 'Parada253', 'QWEQWEWQ', 1, -29.817474, -54.144089),
(255, 'Parada254', 'QWEQWEWQ', 1, -29.722111, -53.962814),
(256, 'Parada255', 'QWEQWEWQ', 1, -29.669621, -53.874924),
(257, 'Parada256', 'QWEQWEWQ', 1, -29.674395, -54.396774),
(258, 'Parada257', 'QWEQWEWQ', 1, -29.683939, -54.687908),
(259, 'Parada258', 'QWEQWEWQ', 1, -29.860359, -54.852703),
(260, 'Parada259', 'QWEQWEWQ', 1, -30.207516, -54.858196),
(261, 'Parada260', 'QWEQWEWQ', 1, -30.202768, -54.979050),
(262, 'Parada261', 'QWEQWEWQ', 1, -30.174280, -55.187786),
(263, 'Parada262', 'QWEQWEWQ', 1, -30.069750, -55.396526),
(264, 'Parada263', 'QWEQWEWQ', 1, -29.936552, -55.484421),
(265, 'Parada264', 'QWEQWEWQ', 1, -29.827005, -55.775558),
(266, 'Parada265', 'QWEQWEWQ', 1, -29.717340, -55.561321),
(267, 'Parada266', 'QWEQWEWQ', 1, -29.655300, -55.473434),
(268, 'Parada267', 'QWEQWEWQ', 1, -29.531111, -55.445969),
(269, 'Parada268', 'QWEQWEWQ', 1, -29.387623, -55.445969),
(270, 'Parada269', 'QWEQWEWQ', 1, -29.243933, -55.451462),
(271, 'Parada270', 'QWEQWEWQ', 1, -29.052031, -55.484421),
(272, 'Parada271', 'QWEQWEWQ', 1, -28.936718, -55.522869),
(273, 'Parada272', 'QWEQWEWQ', 1, -28.734612, -55.775558),
(274, 'Parada273', 'QWEQWEWQ', 1, -28.474188, -55.572311),
(275, 'Parada274', 'QWEQWEWQ', 1, -28.479015, -55.297649),
(276, 'Parada275', 'QWEQWEWQ', 1, -28.425888, -54.742844),
(277, 'Parada276', 'QWEQWEWQ', 1, -28.406565, -54.572556),
(278, 'Parada277', 'QWEQWEWQ', 1, -28.435551, -54.177048),
(279, 'Parada278', 'QWEQWEWQ', 1, -28.561068, -54.122112),
(280, 'Parada279', 'QWEQWEWQ', 1, -28.705708, -54.144089),
(281, 'Parada280', 'QWEQWEWQ', 1, -28.826090, -54.166061),
(282, 'Parada281', 'QWEQWEWQ', 1, -28.941525, -54.188030),
(283, 'Parada282', 'QWEQWEWQ', 1, -28.984781, -54.479172),
(284, 'Parada283', 'QWEQWEWQ', 1, -29.047228, -54.671432),
(285, 'Parada284', 'QWEQWEWQ', 1, -29.128834, -54.803268),
(286, 'Parada285', 'QWEQWEWQ', 1, -29.219963, -54.863693),
(287, 'Parada286', 'QWEQWEWQ', 1, -29.445042, -54.737350),
(288, 'Parada287', 'QWEQWEWQ', 1, -29.617105, -54.649460),
(289, 'Parada288', 'QWEQWEWQ', 1, -29.636206, -55.044968),
(290, 'Parada289', 'QWEQWEWQ', 1, -29.550226, -55.231735),
(291, 'Parada290', 'QWEQWEWQ', 1, -29.578894, -55.418503),
(292, 'Parada291', 'QWEQWEWQ', 1, -29.416336, -54.951584),
(293, 'Parada292', 'QWEQWEWQ', 1, -29.191195, -54.891155),
(294, 'Parada293', 'QWEQWEWQ', 1, -29.013607, -54.902145),
(295, 'Parada294', 'QWEQWEWQ', 1, -29.037624, -55.193279),
(296, 'Parada295', 'QWEQWEWQ', 1, -28.955946, -55.391033),
(297, 'Parada296', 'QWEQWEWQ', 1, -28.705708, -55.572311),
(298, 'Parada297', 'QWEQWEWQ', 1, -28.734612, -55.303146),
(299, 'Parada298', 'QWEQWEWQ', 1, -28.854961, -55.066940),
(300, 'Parada299', 'QWEQWEWQ', 1, -28.946333, -54.951584),
(301, 'Parada300', 'QWEQWEWQ', 1, -28.763508, -54.924114),
(302, 'Parada301', 'QWEQWEWQ', 1, -28.556242, -54.940598),
(303, 'Parada302', 'QWEQWEWQ', 1, -28.300213, -54.929607),
(304, 'Parada303', 'QWEQWEWQ', 1, -28.082342, -55.001022),
(305, 'Parada304', 'QWEQWEWQ', 1, -28.242157, -54.275925),
(306, 'Parada305', 'QWEQWEWQ', 1, -28.377569, -54.231979),
(307, 'Parada306', 'QWEQWEWQ', 1, -28.396900, -53.715618),
(308, 'Parada307', 'QWEQWEWQ', 1, -28.338898, -53.561813),
(309, 'Parada308', 'QWEQWEWQ', 1, -28.785650, -54.044128),
(310, 'Parada309', 'QWEQWEWQ', 1, -28.800093, -53.895813),
(311, 'Parada310', 'QWEQWEWQ', 1, -28.694138, -53.736511),
(312, 'Parada311', 'QWEQWEWQ', 1, -28.356295, -53.483826),
(313, 'Parada312', 'QWEQWEWQ', 1, -28.365961, -53.264099),
(314, 'Parada313', 'QWEQWEWQ', 1, -28.206333, -53.297058),
(315, 'Parada314', 'QWEQWEWQ', 1, -27.872402, -53.275085),
(316, 'Parada315', 'QWEQWEWQ', 1, -27.682858, -53.330017),
(317, 'Parada316', 'QWEQWEWQ', 1, -27.488108, -53.357479),
(318, 'Parada317', 'QWEQWEWQ', 1, -27.351580, -53.489319),
(319, 'Parada318', 'QWEQWEWQ', 1, -27.283253, -53.736511),
(320, 'Parada319', 'QWEQWEWQ', 1, -27.166021, -53.676086),
(321, 'Parada320', 'QWEQWEWQ', 1, -27.112247, -53.395935),
(322, 'Parada321', 'QWEQWEWQ', 1, -27.033989, -53.088318),
(323, 'Parada322', 'QWEQWEWQ', 1, -27.078016, -52.539001),
(324, 'Parada323', 'QWEQWEWQ', 1, -27.151358, -52.121521),
(325, 'Parada324', 'QWEQWEWQ', 1, -27.273487, -52.017151),
(326, 'Parada325', 'QWEQWEWQ', 1, -27.536827, -52.121521),
(327, 'Parada326', 'QWEQWEWQ', 1, -27.687721, -52.313782),
(328, 'Parada327', 'QWEQWEWQ', 1, -27.925804, -52.335754),
(329, 'Parada328', 'QWEQWEWQ', 1, -28.047073, -52.396179),
(330, 'Parada329', 'QWEQWEWQ', 1, -28.134302, -52.269836),
(331, 'Parada330', 'QWEQWEWQ', 1, -28.206940, -52.319275),
(332, 'Parada331', 'QWEQWEWQ', 1, -28.153679, -52.423645),
(333, 'Parada332', 'QWEQWEWQ', 1, -27.959772, -52.022644),
(334, 'Parada333', 'QWEQWEWQ', 1, -28.134302, -52.017151),
(335, 'Parada334', 'QWEQWEWQ', 1, -28.250500, -52.039124),
(336, 'Parada335', 'QWEQWEWQ', 1, -28.119770, -51.583187),
(337, 'Parada336', 'QWEQWEWQ', 1, -28.105234, -51.390930),
(338, 'Parada337', 'QWEQWEWQ', 1, -27.886969, -51.390930),
(339, 'Parada338', 'QWEQWEWQ', 1, -27.809258, -51.495300),
(340, 'Parada339', 'QWEQWEWQ', 1, -27.677992, -51.572205),
(341, 'Parada340', 'QWEQWEWQ', 1, -27.527086, -51.451355),
(342, 'Parada341', 'QWEQWEWQ', 1, -27.512470, -51.330505),
(343, 'Parada342', 'QWEQWEWQ', 1, -27.419865, -51.220642),
(344, 'Parada343', 'QWEQWEWQ', 1, -27.351580, -51.270081),
(345, 'Parada344', 'QWEQWEWQ', 1, -27.234421, -51.440369),
(346, 'Parada345', 'QWEQWEWQ', 1, -27.146469, -51.566711),
(347, 'Parada346', 'QWEQWEWQ', 1, -27.322302, -51.577698),
(348, 'Parada347', 'QWEQWEWQ', 1, -27.488108, -51.599670),
(349, 'Parada348', 'QWEQWEWQ', 1, -27.492981, -51.467834),
(350, 'Parada349', 'QWEQWEWQ', 1, -27.458866, -50.978943),
(351, 'Parada350', 'QWEQWEWQ', 1, -27.653666, -50.649353),
(352, 'Parada351', 'QWEQWEWQ', 1, -27.658531, -50.512020),
(353, 'Parada352', 'QWEQWEWQ', 1, -27.775242, -50.484558),
(354, 'Parada353', 'QWEQWEWQ', 1, -27.809258, -50.374695),
(355, 'Parada354', 'QWEQWEWQ', 1, -27.634201, -50.325256),
(356, 'Parada355', 'QWEQWEWQ', 1, -27.459288, -50.306515),
(357, 'Parada356', 'QWEQWEWQ', 1, -27.337364, -50.421871),
(358, 'Parada357', 'QWEQWEWQ', 1, -27.146893, -50.454830),
(359, 'Parada358', 'QWEQWEWQ', 1, -26.980577, -50.432858),
(360, 'Parada359', 'QWEQWEWQ', 1, -26.867929, -50.388912),
(361, 'Parada360', 'QWEQWEWQ', 1, -26.735546, -50.268063),
(362, 'Parada361', 'QWEQWEWQ', 1, -26.534561, -50.210239),
(363, 'Parada362', 'QWEQWEWQ', 1, -26.357500, -50.182774),
(364, 'Parada363', 'QWEQWEWQ', 1, -26.273794, -49.996006),
(365, 'Parada364', 'QWEQWEWQ', 1, -26.091402, -49.737827),
(366, 'Parada365', 'QWEQWEWQ', 1, -26.204817, -49.540073),
(367, 'Parada366', 'QWEQWEWQ', 1, -26.293495, -49.287388),
(368, 'Parada367', 'QWEQWEWQ', 1, -26.460819, -49.265415),
(369, 'Parada368', 'QWEQWEWQ', 1, -26.450983, -49.078648),
(370, 'Parada369', 'QWEQWEWQ', 1, -26.421471, -48.924839),
(371, 'Parada370', 'QWEQWEWQ', 1, -26.347656, -48.776524),
(372, 'Parada371', 'QWEQWEWQ', 1, -26.244238, -48.836948),
(373, 'Parada372', 'QWEQWEWQ', 1, -26.101269, -48.902866),
(374, 'Parada373', 'QWEQWEWQ', 1, -25.903786, -48.913853),
(375, 'Parada374', 'QWEQWEWQ', 1, -25.819754, -49.018223),
(376, 'Parada375', 'QWEQWEWQ', 1, -25.750507, -49.166538),
(377, 'Parada376', 'QWEQWEWQ', 1, -25.601984, -49.172031),
(378, 'Parada377', 'QWEQWEWQ', 1, -25.497908, -49.100620),
(379, 'Parada378', 'QWEQWEWQ', 1, -25.351347, -49.007805),
(380, 'Parada379', 'QWEQWEWQ', 1, -25.247055, -48.886955),
(381, 'Parada380', 'QWEQWEWQ', 1, -25.112833, -48.843010),
(382, 'Parada381', 'QWEQWEWQ', 1, -25.053131, -48.595818),
(383, 'Parada382', 'QWEQWEWQ', 1, -24.973484, -48.414543),
(384, 'Parada383', 'QWEQWEWQ', 1, -24.918697, -48.337639),
(385, 'Parada384', 'QWEQWEWQ', 1, -24.863886, -48.233269),
(386, 'Parada385', 'QWEQWEWQ', 1, -24.779127, -48.161858),
(387, 'Parada386', 'QWEQWEWQ', 1, -24.669355, -48.002556),
(388, 'Parada387', 'QWEQWEWQ', 1, -24.564484, -47.837761),
(389, 'Parada388', 'QWEQWEWQ', 1, -24.424519, -47.771843),
(390, 'Parada389', 'QWEQWEWQ', 1, -24.339462, -47.612541),
(391, 'Parada390', 'QWEQWEWQ', 1, -24.279390, -47.370842),
(392, 'Parada391', 'QWEQWEWQ', 1, -24.194237, -47.304924),
(393, 'Parada392', 'QWEQWEWQ', 1, -23.991129, -47.153255),
(394, 'Parada393', 'QWEQWEWQ', 1, -23.800280, -46.867611),
(395, 'Parada394', 'QWEQWEWQ', 1, -23.594049, -46.785213),
(396, 'Parada395', 'QWEQWEWQ', 1, -23.654444, -46.598446),
(397, 'Parada396', 'QWEQWEWQ', 1, -23.925869, -46.675350),
(398, 'Parada397', 'QWEQWEWQ', 1, -23.709780, -46.724789),
(399, 'Parada398', 'QWEQWEWQ', 1, -23.644381, -46.373226),
(400, 'Parada399', 'QWEQWEWQ', 1, -23.437904, -46.274349),
(401, 'Parada400', 'QWEQWEWQ', 1, -23.437904, -46.439144),
(402, 'Parada401', 'QWEQWEWQ', 1, -23.468142, -46.708309),
(403, 'Parada402', 'QWEQWEWQ', 1, -23.528593, -46.922543),
(404, 'Parada403', 'QWEQWEWQ', 1, -23.357241, -47.411434),
(405, 'Parada404', 'QWEQWEWQ', 1, -23.347155, -47.708065),
(406, 'Parada405', 'QWEQWEWQ', 1, -23.286621, -47.949764),
(407, 'Parada406', 'QWEQWEWQ', 1, -23.453024, -47.971737),
(408, 'Parada407', 'QWEQWEWQ', 1, -23.619219, -48.098080),
(409, 'Parada408', 'QWEQWEWQ', 1, -23.493334, -47.455379),
(410, 'Parada409', 'QWEQWEWQ', 1, -23.629284, -47.400448),
(411, 'Parada410', 'QWEQWEWQ', 1, -23.780174, -47.433407),
(412, 'Parada411', 'QWEQWEWQ', 1, -23.850531, -48.076107),
(413, 'Parada412', 'QWEQWEWQ', 1, -23.966032, -48.345272),
(414, 'Parada413', 'QWEQWEWQ', 1, -24.101490, -48.411190),
(415, 'Parada414', 'QWEQWEWQ', 1, -24.211756, -48.515560),
(416, 'Parada415', 'QWEQWEWQ', 1, -24.286884, -48.597958),
(417, 'Parada416', 'QWEQWEWQ', 1, -24.391987, -48.658382),
(418, 'Parada417', 'QWEQWEWQ', 1, -24.566965, -48.883602),
(419, 'Parada418', 'QWEQWEWQ', 1, -24.631895, -49.064877),
(420, 'Parada419', 'QWEQWEWQ', 1, -24.816511, -49.048397),
(421, 'Parada420', 'QWEQWEWQ', 1, -25.165031, -49.163754),
(422, 'Parada421', 'QWEQWEWQ', 1, -25.348848, -49.163754),
(423, 'Parada422', 'QWEQWEWQ', 1, -25.472891, -49.273617),
(424, 'Parada423', 'QWEQWEWQ', 1, -25.706196, -49.393684),
(425, 'Parada424', 'QWEQWEWQ', 1, -25.755680, -49.333260),
(426, 'Parada425', 'QWEQWEWQ', 1, -25.874359, -49.366219),
(427, 'Parada426', 'QWEQWEWQ', 1, -25.829342, -49.761532),
(428, 'Parada427', 'QWEQWEWQ', 1, -25.586819, -49.827450),
(429, 'Parada428', 'QWEQWEWQ', 1, -25.328911, -49.723080),
(430, 'Parada429', 'QWEQWEWQ', 1, -25.294149, -49.849422),
(431, 'Parada430', 'QWEQWEWQ', 1, -25.259380, -50.058163),
(432, 'Parada431', 'QWEQWEWQ', 1, -25.194778, -50.189999),
(433, 'Parada432', 'QWEQWEWQ', 1, -25.050547, -50.294369),
(434, 'Parada433', 'QWEQWEWQ', 1, -24.901163, -50.008724),
(435, 'Parada434', 'QWEQWEWQ', 1, -24.571882, -49.937313),
(436, 'Parada435', 'QWEQWEWQ', 1, -24.371895, -49.827450),
(437, 'Parada436', 'QWEQWEWQ', 1, -24.106424, -49.530819),
(438, 'Parada437', 'QWEQWEWQ', 1, -24.101410, -49.239681),
(439, 'Parada438', 'QWEQWEWQ', 1, -24.076336, -49.052914),
(440, 'Parada439', 'QWEQWEWQ', 1, -24.036207, -48.888119),
(441, 'Parada440', 'QWEQWEWQ', 1, -23.930811, -48.833187),
(442, 'Parada441', 'QWEQWEWQ', 1, -23.835377, -49.206722),
(443, 'Parada442', 'QWEQWEWQ', 1, -23.865522, -49.398983),
(444, 'Parada443', 'QWEQWEWQ', 1, -23.739874, -49.442928),
(445, 'Parada444', 'QWEQWEWQ', 1, -23.709700, -49.690121),
(446, 'Parada445', 'QWEQWEWQ', 1, -23.749929, -49.832943),
(447, 'Parada446', 'QWEQWEWQ', 1, -23.770041, -49.953793),
(448, 'Parada447', 'QWEQWEWQ', 1, -23.785122, -50.041683),
(449, 'Parada448', 'QWEQWEWQ', 1, -23.870544, -50.168026),
(450, 'Parada449', 'QWEQWEWQ', 1, -23.870544, -50.228451),
(451, 'Parada450', 'QWEQWEWQ', 1, -24.016138, -50.239437),
(452, 'Parada451', 'QWEQWEWQ', 1, -24.146530, -50.222958),
(453, 'Parada452', 'QWEQWEWQ', 1, -24.236725, -50.244930),
(454, 'Parada453', 'QWEQWEWQ', 1, -24.316843, -50.288876),
(455, 'Parada454', 'QWEQWEWQ', 1, -24.436926, -50.409725),
(456, 'Parada455', 'QWEQWEWQ', 1, -24.551897, -50.382259),
(457, 'Parada456', 'QWEQWEWQ', 1, -24.756586, -50.503109),
(458, 'Parada457', 'QWEQWEWQ', 1, -24.886215, -50.415218),
(459, 'Parada458', 'QWEQWEWQ', 1, -24.970898, -50.343807),
(460, 'Parada459', 'QWEQWEWQ', 1, -24.861298, -50.508602),
(461, 'Parada460', 'QWEQWEWQ', 1, -24.955957, -50.563534),
(462, 'Parada461', 'QWEQWEWQ', 1, -25.135118, -50.585506),
(463, 'Parada462', 'QWEQWEWQ', 1, -25.209690, -50.437191),
(464, 'Parada463', 'QWEQWEWQ', 1, -25.269316, -50.601986),
(465, 'Parada464', 'QWEQWEWQ', 1, -25.428171, -50.634945),
(466, 'Parada465', 'QWEQWEWQ', 1, -25.487688, -50.426205),
(467, 'Parada466', 'QWEQWEWQ', 1, -25.448013, -50.102108),
(468, 'Parada467', 'QWEQWEWQ', 1, -25.433132, -49.937313),
(469, 'Parada468', 'QWEQWEWQ', 1, -27.163151, -49.897964),
(470, 'Parada469', 'QWEQWEWQ', 1, -27.084925, -50.018814),
(471, 'Parada470', 'QWEQWEWQ', 1, -27.016434, -50.282486),
(472, 'Parada471', 'QWEQWEWQ', 1, -26.663534, -50.491226),
(473, 'Parada472', 'QWEQWEWQ', 1, -26.506338, -50.842789),
(474, 'Parada473', 'QWEQWEWQ', 1, -26.299692, -50.573624),
(475, 'Parada474', 'QWEQWEWQ', 1, -26.122272, -50.255020),
(476, 'Parada475', 'QWEQWEWQ', 1, -26.260288, -50.782364),
(477, 'Parada476', 'QWEQWEWQ', 1, -26.265215, -50.996597),
(478, 'Parada477', 'QWEQWEWQ', 1, -26.265215, -51.111954),
(479, 'Parada478', 'QWEQWEWQ', 1, -26.634077, -51.392105),
(480, 'Parada479', 'QWEQWEWQ', 1, -26.412901, -51.260269),
(481, 'Parada480', 'QWEQWEWQ', 1, -26.624256, -51.589859),
(482, 'Parada481', 'QWEQWEWQ', 1, -26.732241, -51.650284),
(483, 'Parada482', 'QWEQWEWQ', 1, -26.884226, -51.760147),
(484, 'Parada483', 'QWEQWEWQ', 1, -27.089815, -51.595352),
(485, 'Parada484', 'QWEQWEWQ', 1, -26.952799, -51.804092),
(486, 'Parada485', 'QWEQWEWQ', 1, -26.889126, -51.919449),
(487, 'Parada486', 'QWEQWEWQ', 1, -26.889126, -52.386368),
(488, 'Parada487', 'QWEQWEWQ', 1, -27.006645, -52.342422),
(489, 'Parada488', 'QWEQWEWQ', 1, -26.442223, -52.566277),
(490, 'Parada489', 'QWEQWEWQ', 1, -26.166458, -53.049671),
(491, 'Parada490', 'QWEQWEWQ', 1, -22.861176, -49.817390),
(492, 'Parada491', 'QWEQWEWQ', 1, -22.313423, -48.499031),
(493, 'Parada492', 'QWEQWEWQ', 1, -22.272762, -47.883797),
(494, 'Parada493', 'QWEQWEWQ', 1, -21.845116, -47.290535),
(495, 'Parada494', 'QWEQWEWQ', 1, -21.661444, -46.433601),
(496, 'Parada495', 'QWEQWEWQ', 1, -21.518427, -44.895515),
(497, 'Parada496', 'QWEQWEWQ', 1, -21.967432, -45.730476),
(498, 'Parada497', 'QWEQWEWQ', 1, -22.333750, -46.060066),
(499, 'Parada498', 'QWEQWEWQ', 1, -23.184734, -46.257820),
(500, 'Parada499', 'QWEQWEWQ', 1, -23.043274, -46.938972),
(501, 'Parada500', 'QWEQWEWQ', 1, -22.597715, -47.466316),
(502, 'Parada501', 'QWEQWEWQ', 1, -22.759905, -44.741707),
(503, 'Parada502', 'QWEQWEWQ', 1, -22.272762, -43.752937),
(504, 'Parada503', 'QWEQWEWQ', 1, -22.272762, -42.874031),
(505, 'Parada504', 'QWEQWEWQ', 1, -21.579737, -40.940437),
(506, 'Parada505', 'QWEQWEWQ', 1, -22.252426, -44.763680),
(507, 'Parada506', 'QWEQWEWQ', 1, -21.865507, -44.346199),
(508, 'Parada507', 'QWEQWEWQ', 1, -21.661444, -43.093758),
(509, 'Parada508', 'QWEQWEWQ', 1, -21.518427, -42.126961),
(510, 'Parada509', 'QWEQWEWQ', 1, -21.027016, -41.929207),
(511, 'Parada510', 'QWEQWEWQ', 1, -20.121897, -42.302742),
(512, 'Parada511', 'QWEQWEWQ', 1, -19.294483, -41.929207),
(513, 'Parada512', 'QWEQWEWQ', 1, -18.421179, -41.885262),
(514, 'Parada513', 'QWEQWEWQ', 1, -17.815569, -41.423836),
(515, 'Parada514', 'QWEQWEWQ', 1, -16.871769, -41.489754),
(516, 'Parada515', 'QWEQWEWQ', 1, -15.775267, -41.072273),
(517, 'Parada516', 'QWEQWEWQ', 1, -14.332446, -40.610847),
(518, 'Parada517', 'QWEQWEWQ', 1, -13.574481, -40.049950),
(519, 'Parada518', 'QWEQWEWQ', 1, -12.718619, -39.236961),
(520, 'Parada519', 'QWEQWEWQ', 1, -11.773833, -38.489891),
(521, 'Parada520', 'QWEQWEWQ', 1, -10.566698, -38.863426),
(522, 'Parada521', 'QWEQWEWQ', 1, -8.247408, -38.995262),
(523, 'Parada522', 'QWEQWEWQ', 1, -7.267700, -38.885399),
(524, 'Parada523', 'QWEQWEWQ', 1, -6.635181, -38.423973),
(525, 'Parada524', 'QWEQWEWQ', 1, -5.564632, -38.094383),
(526, 'Parada525', 'QWEQWEWQ', 1, -8.334380, -37.061668),
(527, 'Parada526', 'QWEQWEWQ', 1, -9.896382, -38.028465),
(528, 'Parada527', 'QWEQWEWQ', 1, -10.825789, -38.204247),
(529, 'Parada528', 'QWEQWEWQ', 1, -11.084655, -39.632469),
(530, 'Parada529', 'QWEQWEWQ', 1, -12.074812, -40.950829),
(531, 'Parada530', 'QWEQWEWQ', 1, -12.439831, -41.258446),
(532, 'Parada531', 'QWEQWEWQ', 1, -12.482741, -42.840477),
(533, 'Parada532', 'QWEQWEWQ', 1, -12.117781, -43.609520),
(534, 'Parada533', 'QWEQWEWQ', 1, -12.439831, -45.455223),
(535, 'Parada534', 'QWEQWEWQ', 1, -12.847187, -46.685692),
(536, 'Parada535', 'QWEQWEWQ', 1, -13.638549, -48.509422),
(537, 'Parada536', 'QWEQWEWQ', 1, -13.894646, -49.432274),
(538, 'Parada537', 'QWEQWEWQ', 1, -15.636826, -48.377586),
(539, 'Parada538', 'QWEQWEWQ', 1, -15.467481, -47.147118),
(540, 'Parada539', 'QWEQWEWQ', 1, -14.639963, -46.619774),
(541, 'Parada540', 'QWEQWEWQ', 1, -13.723946, -45.674950),
(542, 'Parada541', 'QWEQWEWQ', 1, -13.104126, -45.740868),
(543, 'Parada542', 'QWEQWEWQ', 1, -11.364835, -44.883934),
(544, 'Parada543', 'QWEQWEWQ', 1, -10.480286, -44.927879),
(545, 'Parada544', 'QWEQWEWQ', 1, -9.441512, -45.169579),
(546, 'Parada545', 'QWEQWEWQ', 1, -8.986041, -45.916649),
(547, 'Parada546', 'QWEQWEWQ', 1, -7.964618, -45.960594),
(548, 'Parada547', 'QWEQWEWQ', 1, -7.834033, -44.993797),
(549, 'Parada548', 'QWEQWEWQ', 1, -8.247408, -43.521629),
(550, 'Parada549', 'QWEQWEWQ', 1, -9.289754, -42.576805),
(551, 'Parada550', 'QWEQWEWQ', 1, -8.877510, -41.522118),
(552, 'Parada551', 'QWEQWEWQ', 1, -7.027880, -42.291161),
(553, 'Parada552', 'QWEQWEWQ', 1, -6.984262, -45.125633),
(554, 'Parada553', 'QWEQWEWQ', 1, -6.853387, -47.256981),
(555, 'Parada554', 'QWEQWEWQ', 1, -7.420247, -47.894188),
(556, 'Parada555', 'QWEQWEWQ', 1, -8.703793, -48.729149),
(557, 'Parada556', 'QWEQWEWQ', 1, -9.398159, -48.377586),
(558, 'Parada557', 'QWEQWEWQ', 1, -10.393850, -48.531395),
(559, 'Parada558', 'QWEQWEWQ', 1, -12.289590, -49.014793),
(560, 'Parada559', 'QWEQWEWQ', 1, -12.203700, -50.640770),
(561, 'Parada560', 'QWEQWEWQ', 1, -11.838356, -51.761375),
(562, 'Parada561', 'QWEQWEWQ', 1, -10.285770, -51.673485),
(563, 'Parada562', 'QWEQWEWQ', 1, -9.441512, -50.333153),
(564, 'Parada563', 'QWEQWEWQ', 1, -8.443068, -50.003563),
(565, 'Parada564', 'QWEQWEWQ', 1, -6.940641, -49.827782),
(566, 'Parada565', 'QWEQWEWQ', 1, -6.132945, -49.058739),
(567, 'Parada566', 'QWEQWEWQ', 1, -5.083321, -48.948875),
(568, 'Parada567', 'QWEQWEWQ', 1, -5.477149, -47.169090),
(569, 'Parada568', 'QWEQWEWQ', 1, -11.967358, -46.707664),
(570, 'Parada569', 'QWEQWEWQ', 1, -12.804338, -48.113914),
(571, 'Parada570', 'QWEQWEWQ', 1, -13.189713, -49.234520),
(572, 'Parada571', 'QWEQWEWQ', 1, -13.339418, -50.618797),
(573, 'Parada572', 'QWEQWEWQ', 1, -13.574481, -52.003075),
(574, 'Parada573', 'QWEQWEWQ', 1, -15.170794, -52.025047),
(575, 'Parada574', 'QWEQWEWQ', 1, -15.657985, -52.134911),
(576, 'Parada575', 'QWEQWEWQ', 1, -16.948532, -51.686798),
(577, 'Parada576', 'QWEQWEWQ', 1, -17.368425, -51.752716),
(578, 'Parada577', 'QWEQWEWQ', 1, -18.059139, -51.532990),
(579, 'Parada578', 'QWEQWEWQ', 1, -18.559784, -50.807892),
(580, 'Parada579', 'QWEQWEWQ', 1, -19.038195, -50.456329),
(581, 'Parada580', 'QWEQWEWQ', 1, -18.975870, -48.962189),
(582, 'Parada581', 'QWEQWEWQ', 1, -18.747150, -47.358185),
(583, 'Parada582', 'QWEQWEWQ', 1, -18.871946, -46.347443),
(584, 'Parada583', 'QWEQWEWQ', 1, -18.413914, -45.710236),
(585, 'Parada584', 'QWEQWEWQ', 1, -17.808279, -45.314728),
(586, 'Parada585', 'QWEQWEWQ', 1, -18.580612, -45.248810),
(587, 'Parada586', 'QWEQWEWQ', 1, -18.705530, -44.963165),
(588, 'Parada587', 'QWEQWEWQ', 1, -19.079731, -44.216095),
(589, 'Parada588', 'QWEQWEWQ', 1, -19.390921, -44.282013),
(590, 'Parada589', 'QWEQWEWQ', 1, -20.094072, -43.820587),
(591, 'Parada590', 'QWEQWEWQ', 1, -20.114708, -44.150177),
(592, 'Parada591', 'QWEQWEWQ', 1, -19.990864, -44.457794),
(593, 'Parada592', 'QWEQWEWQ', 1, -20.999355, -45.007111),
(594, 'Parada593', 'QWEQWEWQ', 1, -20.978842, -47.863556),
(595, 'Parada594', 'QWEQWEWQ', 1, -21.163372, -48.478790),
(596, 'Parada595', 'QWEQWEWQ', 1, -21.347673, -48.346954),
(597, 'Parada596', 'QWEQWEWQ', 1, -21.756401, -48.588654),
(598, 'Parada597', 'QWEQWEWQ', 1, -21.593048, -49.006134),
(599, 'Parada598', 'QWEQWEWQ', 1, -22.367311, -50.610138),
(600, 'Parada599', 'QWEQWEWQ', 1, -21.734053, -53.660858),
(601, 'Parada600', 'QWEQWEWQ', 1, -21.161427, -54.781464),
(602, 'Parada601', 'QWEQWEWQ', 1, -20.607143, -54.407928),
(603, 'Parada602', 'QWEQWEWQ', 1, -20.030193, -54.671600),
(604, 'Parada603', 'QWEQWEWQ', 1, -19.264545, -54.342010),
(605, 'Parada604', 'QWEQWEWQ', 1, -18.516142, -54.715546),
(606, 'Parada605', 'QWEQWEWQ', 1, -17.973574, -54.715546),
(607, 'Parada606', 'QWEQWEWQ', 1, -16.546762, -54.188202),
(608, 'Parada607', 'QWEQWEWQ', 1, -16.378187, -54.781464),
(609, 'Parada608', 'QWEQWEWQ', 1, -15.575486, -54.935272),
(610, 'Parada609', 'QWEQWEWQ', 1, -15.363720, -53.287323),
(611, 'Parada610', 'QWEQWEWQ', 1, -15.469630, -52.759979),
(612, 'Parada611', 'QWEQWEWQ', 1, -15.956115, -50.716522),
(613, 'Parada612', 'QWEQWEWQ', 1, -16.061716, -48.541229),
(614, 'Parada613', 'QWEQWEWQ', 1, -15.723593, -47.464569),
(615, 'Parada614', 'QWEQWEWQ', 1, -16.736235, -48.167694),
(616, 'Parada615', 'QWEQWEWQ', 1, -16.588884, -50.079315),
(617, 'Parada616', 'QWEQWEWQ', 1, -16.925516, -49.024628),
(618, 'Parada617', 'QWEQWEWQ', 1, -17.910862, -49.486053),
(619, 'Parada618', 'QWEQWEWQ', 1, -18.349379, -48.497284),
(620, 'Parada619', 'QWEQWEWQ', 1, -19.637480, -48.277557),
(621, 'Parada620', 'QWEQWEWQ', 1, -19.802952, -48.431366),
(622, 'Parada621', 'QWEQWEWQ', 1, -20.009548, -48.848846),
(623, 'Parada622', 'QWEQWEWQ', 1, -20.339542, -48.980682),
(624, 'Parada623', 'QWEQWEWQ', 1, -20.853745, -49.683807),
(625, 'Parada624', 'QWEQWEWQ', 1, -22.872442, -43.443573),
(626, 'Parada625', 'QWEQWEWQ', 1, -22.487246, -43.575409),
(627, 'Parada626', 'QWEQWEWQ', 1, -22.487246, -43.092010),
(628, 'Parada627', 'QWEQWEWQ', 1, -22.831947, -43.070038),
(629, 'Parada628', 'QWEQWEWQ', 1, -22.588718, -42.520721),
(630, 'Parada629', 'QWEQWEWQ', 1, -22.202728, -42.015350),
(631, 'Parada630', 'QWEQWEWQ', 1, -21.202402, -43.223846),
(632, 'Parada631', 'QWEQWEWQ', 1, -20.894806, -43.948944),
(633, 'Parada632', 'QWEQWEWQ', 1, -20.133377, -42.938202),
(634, 'Parada633', 'QWEQWEWQ', 1, -19.140045, -43.026093),
(635, 'Parada634', 'QWEQWEWQ', 1, -18.224199, -42.608612),
(636, 'Parada635', 'QWEQWEWQ', 1, -17.638853, -42.213104),
(637, 'Parada636', 'QWEQWEWQ', 1, -15.913858, -42.740448),
(638, 'Parada637', 'QWEQWEWQ', 1, -17.198589, -43.773163),
(639, 'Parada638', 'QWEQWEWQ', 1, -18.182453, -44.080780),
(640, 'Parada639', 'QWEQWEWQ', 1, -19.181555, -44.322479);

-- --------------------------------------------------------

--
-- Estrutura da tabela `servicos`
--

CREATE TABLE `servicos` (
  `id` int(11) NOT NULL,
  `local` int(11) NOT NULL,
  `categoria` int(11) NOT NULL
) ENGINE=InnoDB DEFAULT CHARSET=latin1;

--
-- Extraindo dados da tabela `servicos`
--

INSERT INTO `servicos` (`id`, `local`, `categoria`) VALUES
(1, 1, 1),
(2, 1, 2),
(3, 1, 3),
(4, 1, 4),
(5, 1, 5),
(6, 2, 1),
(7, 2, 2),
(8, 2, 3),
(9, 2, 4),
(10, 3, 1),
(11, 3, 2),
(12, 3, 3),
(13, 4, 1),
(14, 4, 2),
(15, 5, 1),
(16, 5, 2),
(17, 5, 3),
(18, 5, 4),
(19, 5, 5),
(20, 6, 1),
(21, 6, 2),
(22, 6, 3),
(23, 6, 4),
(24, 7, 1),
(25, 7, 2),
(26, 7, 3),
(27, 8, 1),
(28, 8, 2),
(29, 9, 1),
(30, 9, 2),
(31, 9, 3),
(32, 9, 4),
(33, 9, 5),
(34, 10, 1),
(35, 10, 2),
(36, 10, 3),
(37, 10, 4),
(38, 11, 1),
(39, 11, 2),
(40, 11, 3),
(41, 12, 1),
(42, 12, 2),
(43, 13, 1),
(44, 13, 2),
(45, 13, 3),
(46, 13, 4),
(47, 13, 5),
(48, 14, 1),
(49, 14, 2),
(50, 14, 3),
(51, 14, 4),
(52, 15, 1),
(53, 15, 2),
(54, 15, 3),
(55, 16, 1),
(56, 16, 2),
(57, 17, 1),
(58, 17, 2),
(59, 17, 3),
(60, 17, 4),
(61, 17, 5),
(62, 18, 1),
(63, 18, 2),
(64, 18, 3),
(65, 18, 4),
(66, 19, 1),
(67, 19, 2),
(68, 19, 3),
(69, 20, 1),
(70, 20, 2),
(71, 21, 1),
(72, 21, 2),
(73, 21, 3),
(74, 21, 4),
(75, 21, 5),
(76, 22, 1),
(77, 22, 2),
(78, 22, 3),
(79, 22, 4),
(80, 23, 1),
(81, 23, 2),
(82, 23, 3),
(83, 24, 1),
(84, 24, 2),
(85, 25, 1),
(86, 25, 2),
(87, 25, 3),
(88, 25, 4),
(89, 25, 5),
(90, 26, 1),
(91, 26, 2),
(92, 26, 3),
(93, 26, 4),
(94, 27, 1),
(95, 27, 2),
(96, 27, 3),
(97, 28, 1),
(98, 28, 2),
(99, 29, 1),
(100, 29, 2),
(101, 29, 3),
(102, 29, 4),
(103, 29, 5),
(104, 30, 1),
(105, 30, 2),
(106, 30, 3),
(107, 30, 4),
(108, 31, 1),
(109, 31, 2),
(110, 31, 3),
(111, 32, 1),
(112, 32, 2),
(113, 33, 1),
(114, 33, 2),
(115, 33, 3),
(116, 33, 4),
(117, 33, 5),
(118, 34, 1),
(119, 34, 2),
(120, 34, 3),
(121, 34, 4),
(122, 35, 1),
(123, 35, 2),
(124, 35, 3),
(125, 36, 1),
(126, 36, 2),
(127, 37, 1),
(128, 37, 2),
(129, 37, 3),
(130, 37, 4),
(131, 37, 5),
(132, 38, 1),
(133, 38, 2),
(134, 38, 3),
(135, 38, 4),
(136, 39, 1),
(137, 39, 2),
(138, 39, 3),
(139, 40, 1),
(140, 40, 2),
(141, 41, 1),
(142, 41, 2),
(143, 41, 3),
(144, 41, 4),
(145, 41, 5),
(146, 42, 1),
(147, 42, 2),
(148, 42, 3),
(149, 42, 4),
(150, 43, 1),
(151, 43, 2),
(152, 43, 3),
(153, 44, 1),
(154, 44, 2),
(155, 45, 1),
(156, 45, 2),
(157, 45, 3),
(158, 45, 4),
(159, 45, 5),
(160, 46, 1),
(161, 46, 2),
(162, 46, 3),
(163, 46, 4),
(164, 47, 1),
(165, 47, 2),
(166, 47, 3),
(167, 48, 1),
(168, 48, 2),
(169, 49, 1),
(170, 49, 2),
(171, 49, 3),
(172, 49, 4),
(173, 49, 5),
(174, 50, 1),
(175, 50, 2),
(176, 50, 3),
(177, 50, 4),
(178, 51, 1),
(179, 51, 2),
(180, 51, 3),
(181, 52, 1),
(182, 52, 2),
(183, 53, 1),
(184, 53, 2),
(185, 53, 3),
(186, 53, 4),
(187, 53, 5),
(188, 54, 1),
(189, 54, 2),
(190, 54, 3),
(191, 54, 4),
(192, 55, 1),
(193, 55, 2),
(194, 55, 3),
(195, 56, 1),
(196, 56, 2),
(197, 57, 1),
(198, 57, 2),
(199, 57, 3),
(200, 57, 4),
(201, 57, 5),
(202, 58, 1),
(203, 58, 2),
(204, 58, 3),
(205, 58, 4),
(206, 59, 1),
(207, 59, 2),
(208, 59, 3),
(209, 60, 1),
(210, 60, 2),
(211, 61, 1),
(212, 61, 2),
(213, 61, 3),
(214, 61, 4),
(215, 61, 5),
(216, 62, 1),
(217, 62, 2),
(218, 62, 3),
(219, 62, 4),
(220, 63, 1),
(221, 63, 2),
(222, 63, 3),
(223, 64, 1),
(224, 64, 2),
(225, 65, 1),
(226, 65, 2),
(227, 65, 3),
(228, 65, 4),
(229, 65, 5),
(230, 66, 1),
(231, 66, 2),
(232, 66, 3),
(233, 66, 4),
(234, 67, 1),
(235, 67, 2),
(236, 67, 3),
(237, 68, 1),
(238, 68, 2),
(239, 69, 1),
(240, 69, 2),
(241, 69, 3),
(242, 69, 4),
(243, 69, 5),
(244, 70, 1),
(245, 70, 2),
(246, 70, 3),
(247, 70, 4),
(248, 71, 1),
(249, 71, 2),
(250, 71, 3),
(251, 72, 1),
(252, 72, 2),
(253, 73, 1),
(254, 73, 2),
(255, 73, 3),
(256, 73, 4),
(257, 73, 5),
(258, 74, 1),
(259, 74, 2),
(260, 74, 3),
(261, 74, 4),
(262, 75, 1),
(263, 75, 2),
(264, 75, 3),
(265, 76, 1),
(266, 76, 2),
(267, 77, 1),
(268, 77, 2),
(269, 77, 3),
(270, 77, 4),
(271, 77, 5),
(272, 78, 1),
(273, 78, 2),
(274, 78, 3),
(275, 78, 4),
(276, 79, 1),
(277, 79, 2),
(278, 79, 3),
(279, 80, 1),
(280, 80, 2),
(281, 81, 1),
(282, 81, 2),
(283, 81, 3),
(284, 81, 4),
(285, 81, 5),
(286, 82, 1),
(287, 82, 2),
(288, 82, 3),
(289, 82, 4),
(290, 83, 1),
(291, 83, 2),
(292, 83, 3),
(293, 84, 1),
(294, 84, 2),
(295, 85, 1),
(296, 85, 2),
(297, 85, 3),
(298, 85, 4),
(299, 85, 5),
(300, 86, 1),
(301, 86, 2),
(302, 86, 3),
(303, 86, 4),
(304, 87, 1),
(305, 87, 2),
(306, 87, 3),
(307, 88, 1),
(308, 88, 2),
(309, 89, 1),
(310, 89, 2),
(311, 89, 3),
(312, 89, 4),
(313, 89, 5),
(314, 90, 1),
(315, 90, 2),
(316, 90, 3),
(317, 90, 4),
(318, 91, 1),
(319, 91, 2),
(320, 91, 3),
(321, 92, 1),
(322, 92, 2),
(323, 93, 1),
(324, 93, 2),
(325, 93, 3),
(326, 93, 4),
(327, 93, 5),
(328, 94, 1),
(329, 94, 2),
(330, 94, 3),
(331, 94, 4),
(332, 95, 1),
(333, 95, 2),
(334, 95, 3),
(335, 96, 1),
(336, 96, 2),
(337, 97, 1),
(338, 97, 2),
(339, 97, 3),
(340, 97, 4),
(341, 97, 5),
(342, 98, 1),
(343, 98, 2),
(344, 98, 3),
(345, 98, 4),
(346, 99, 1),
(347, 99, 2),
(348, 99, 3),
(349, 100, 1),
(350, 100, 2),
(351, 101, 1),
(352, 101, 2),
(353, 101, 3),
(354, 101, 4),
(355, 101, 5),
(356, 102, 1),
(357, 102, 2),
(358, 102, 3),
(359, 102, 4),
(360, 103, 1),
(361, 103, 2),
(362, 103, 3),
(363, 104, 1),
(364, 104, 2),
(365, 105, 1),
(366, 105, 2),
(367, 105, 3),
(368, 105, 4),
(369, 105, 5),
(370, 106, 1),
(371, 106, 2),
(372, 106, 3),
(373, 106, 4),
(374, 107, 1),
(375, 107, 2),
(376, 107, 3),
(377, 108, 1),
(378, 108, 2),
(379, 109, 1),
(380, 109, 2),
(381, 109, 3),
(382, 109, 4),
(383, 109, 5),
(384, 110, 1),
(385, 110, 2),
(386, 110, 3),
(387, 110, 4),
(388, 111, 1),
(389, 111, 2),
(390, 111, 3),
(391, 112, 1),
(392, 112, 2),
(393, 113, 1),
(394, 113, 2),
(395, 113, 3),
(396, 113, 4),
(397, 113, 5),
(398, 114, 1),
(399, 114, 2),
(400, 114, 3),
(401, 114, 4),
(402, 115, 1),
(403, 115, 2),
(404, 115, 3),
(405, 116, 1),
(406, 116, 2),
(407, 117, 1),
(408, 117, 2),
(409, 117, 3),
(410, 117, 4),
(411, 117, 5),
(412, 118, 1),
(413, 118, 2),
(414, 118, 3),
(415, 118, 4),
(416, 119, 1),
(417, 119, 2),
(418, 119, 3),
(419, 120, 1),
(420, 120, 2),
(421, 121, 1),
(422, 121, 2),
(423, 121, 3),
(424, 121, 4),
(425, 121, 5),
(426, 122, 1),
(427, 122, 2),
(428, 122, 3),
(429, 122, 4),
(430, 123, 1),
(431, 123, 2),
(432, 123, 3),
(433, 124, 1),
(434, 124, 2),
(435, 125, 1),
(436, 125, 2),
(437, 125, 3),
(438, 125, 4),
(439, 125, 5),
(440, 126, 1),
(441, 126, 2),
(442, 126, 3),
(443, 126, 4),
(444, 127, 1),
(445, 127, 2),
(446, 127, 3),
(447, 128, 1),
(448, 128, 2),
(449, 129, 1),
(450, 129, 2),
(451, 129, 3),
(452, 129, 4),
(453, 129, 5),
(454, 130, 1),
(455, 130, 2),
(456, 130, 3),
(457, 130, 4),
(458, 131, 1),
(459, 131, 2),
(460, 131, 3),
(461, 132, 1),
(462, 132, 2),
(463, 133, 1),
(464, 133, 2),
(465, 133, 3),
(466, 133, 4),
(467, 133, 5),
(468, 134, 1),
(469, 134, 2),
(470, 134, 3),
(471, 134, 4),
(472, 135, 1),
(473, 135, 2),
(474, 135, 3),
(475, 136, 1),
(476, 136, 2),
(477, 137, 1),
(478, 137, 2),
(479, 137, 3),
(480, 137, 4),
(481, 137, 5),
(482, 138, 1),
(483, 138, 2),
(484, 138, 3),
(485, 138, 4),
(486, 139, 1),
(487, 139, 2),
(488, 139, 3),
(489, 140, 1),
(490, 140, 2),
(491, 141, 1),
(492, 141, 2),
(493, 141, 3),
(494, 141, 4),
(495, 141, 5),
(496, 142, 1),
(497, 142, 2),
(498, 142, 3),
(499, 142, 4),
(500, 143, 1),
(501, 143, 2),
(502, 143, 3),
(503, 144, 1),
(504, 144, 2),
(505, 145, 1),
(506, 145, 2),
(507, 145, 3),
(508, 145, 4),
(509, 145, 5),
(510, 146, 1),
(511, 146, 2),
(512, 146, 3),
(513, 146, 4),
(514, 147, 1),
(515, 147, 2),
(516, 147, 3),
(517, 148, 1),
(518, 148, 2),
(519, 149, 1),
(520, 149, 2),
(521, 149, 3),
(522, 149, 4),
(523, 149, 5),
(524, 150, 1),
(525, 150, 2),
(526, 150, 3),
(527, 150, 4),
(528, 151, 1),
(529, 151, 2),
(530, 151, 3),
(531, 152, 1),
(532, 152, 2),
(533, 153, 1),
(534, 153, 2),
(535, 153, 3),
(536, 153, 4),
(537, 153, 5),
(538, 154, 1),
(539, 154, 2),
(540, 154, 3),
(541, 154, 4),
(542, 155, 1),
(543, 155, 2),
(544, 155, 3),
(545, 156, 1),
(546, 156, 2),
(547, 157, 1),
(548, 157, 2),
(549, 157, 3),
(550, 157, 4),
(551, 157, 5),
(552, 158, 1),
(553, 158, 2),
(554, 158, 3),
(555, 158, 4),
(556, 159, 1),
(557, 159, 2),
(558, 159, 3),
(559, 160, 1),
(560, 160, 2),
(561, 161, 1),
(562, 161, 2),
(563, 161, 3),
(564, 161, 4),
(565, 161, 5),
(566, 162, 1),
(567, 162, 2),
(568, 162, 3),
(569, 162, 4),
(570, 163, 1),
(571, 163, 2),
(572, 163, 3),
(573, 164, 1),
(574, 164, 2),
(575, 165, 1),
(576, 165, 2),
(577, 165, 3),
(578, 165, 4),
(579, 165, 5),
(580, 166, 1),
(581, 166, 2),
(582, 166, 3),
(583, 166, 4),
(584, 167, 1),
(585, 167, 2),
(586, 167, 3),
(587, 168, 1),
(588, 168, 2),
(589, 169, 1),
(590, 169, 2),
(591, 169, 3),
(592, 169, 4),
(593, 169, 5),
(594, 170, 1),
(595, 170, 2),
(596, 170, 3),
(597, 170, 4),
(598, 171, 1),
(599, 171, 2),
(600, 171, 3),
(601, 172, 1),
(602, 172, 2),
(603, 173, 1),
(604, 173, 2),
(605, 173, 3),
(606, 173, 4),
(607, 173, 5),
(608, 174, 1),
(609, 174, 2),
(610, 174, 3),
(611, 174, 4),
(612, 175, 1),
(613, 175, 2),
(614, 175, 3),
(615, 176, 1),
(616, 176, 2),
(617, 177, 1),
(618, 177, 2),
(619, 177, 3),
(620, 177, 4),
(621, 177, 5),
(622, 178, 1),
(623, 178, 2),
(624, 178, 3),
(625, 178, 4),
(626, 179, 1),
(627, 179, 2),
(628, 179, 3),
(629, 180, 1),
(630, 180, 2),
(631, 181, 1),
(632, 181, 2),
(633, 181, 3),
(634, 181, 4),
(635, 181, 5),
(636, 182, 1),
(637, 182, 2),
(638, 182, 3),
(639, 182, 4),
(640, 183, 1),
(641, 183, 2),
(642, 183, 3),
(643, 184, 1),
(644, 184, 2),
(645, 185, 1),
(646, 185, 2),
(647, 185, 3),
(648, 185, 4),
(649, 185, 5),
(650, 186, 1),
(651, 186, 2),
(652, 186, 3),
(653, 186, 4),
(654, 187, 1),
(655, 187, 2),
(656, 187, 3),
(657, 188, 1),
(658, 188, 2),
(659, 189, 1),
(660, 189, 2),
(661, 189, 3),
(662, 189, 4),
(663, 189, 5),
(664, 190, 1),
(665, 190, 2),
(666, 190, 3),
(667, 190, 4),
(668, 191, 1),
(669, 191, 2),
(670, 191, 3),
(671, 192, 1),
(672, 192, 2),
(673, 193, 1),
(674, 193, 2),
(675, 193, 3),
(676, 193, 4),
(677, 193, 5),
(678, 194, 1),
(679, 194, 2),
(680, 194, 3),
(681, 194, 4),
(682, 195, 1),
(683, 195, 2),
(684, 195, 3),
(685, 196, 1),
(686, 196, 2),
(687, 197, 1),
(688, 197, 2),
(689, 197, 3),
(690, 197, 4),
(691, 197, 5),
(692, 198, 1),
(693, 198, 2),
(694, 198, 3),
(695, 198, 4),
(696, 199, 1),
(697, 199, 2),
(698, 199, 3),
(699, 200, 1),
(700, 200, 2),
(701, 201, 1),
(702, 201, 2),
(703, 201, 3),
(704, 201, 4),
(705, 201, 5),
(706, 202, 1),
(707, 202, 2),
(708, 202, 3),
(709, 202, 4),
(710, 203, 1),
(711, 203, 2),
(712, 203, 3),
(713, 204, 1),
(714, 204, 2),
(715, 205, 1),
(716, 205, 2),
(717, 205, 3),
(718, 205, 4),
(719, 205, 5),
(720, 206, 1),
(721, 206, 2),
(722, 206, 3),
(723, 206, 4),
(724, 207, 1),
(725, 207, 2),
(726, 207, 3),
(727, 208, 1),
(728, 208, 2),
(729, 209, 1),
(730, 209, 2),
(731, 209, 3),
(732, 209, 4),
(733, 209, 5),
(734, 210, 1),
(735, 210, 2),
(736, 210, 3),
(737, 210, 4),
(738, 211, 1),
(739, 211, 2),
(740, 211, 3),
(741, 212, 1),
(742, 212, 2),
(743, 213, 1),
(744, 213, 2),
(745, 213, 3),
(746, 213, 4),
(747, 213, 5),
(748, 214, 1),
(749, 214, 2),
(750, 214, 3),
(751, 214, 4),
(752, 215, 1),
(753, 215, 2),
(754, 215, 3),
(755, 216, 1),
(756, 216, 2),
(757, 217, 1),
(758, 217, 2),
(759, 217, 3),
(760, 217, 4),
(761, 217, 5),
(762, 218, 1),
(763, 218, 2),
(764, 218, 3),
(765, 218, 4),
(766, 219, 1),
(767, 219, 2),
(768, 219, 3),
(769, 220, 1),
(770, 220, 2),
(771, 221, 1),
(772, 221, 2),
(773, 221, 3),
(774, 221, 4),
(775, 221, 5),
(776, 222, 1),
(777, 222, 2),
(778, 222, 3),
(779, 222, 4),
(780, 223, 1),
(781, 223, 2),
(782, 223, 3),
(783, 224, 1),
(784, 224, 2),
(785, 225, 1),
(786, 225, 2),
(787, 225, 3),
(788, 225, 4),
(789, 225, 5),
(790, 226, 1),
(791, 226, 2),
(792, 226, 3),
(793, 226, 4),
(794, 227, 1),
(795, 227, 2),
(796, 227, 3),
(797, 228, 1),
(798, 228, 2),
(799, 229, 1),
(800, 229, 2),
(801, 229, 3),
(802, 229, 4),
(803, 229, 5),
(804, 230, 1),
(805, 230, 2),
(806, 230, 3),
(807, 230, 4),
(808, 231, 1),
(809, 231, 2),
(810, 231, 3),
(811, 232, 1),
(812, 232, 2),
(813, 233, 1),
(814, 233, 2),
(815, 233, 3),
(816, 233, 4),
(817, 233, 5),
(818, 234, 1),
(819, 234, 2),
(820, 234, 3),
(821, 234, 4),
(822, 235, 1),
(823, 235, 2),
(824, 235, 3),
(825, 236, 1),
(826, 236, 2),
(827, 237, 1),
(828, 237, 2),
(829, 237, 3),
(830, 237, 4),
(831, 237, 5),
(832, 238, 1),
(833, 238, 2),
(834, 238, 3),
(835, 238, 4),
(836, 239, 1),
(837, 239, 2),
(838, 239, 3),
(839, 240, 1),
(840, 240, 2),
(841, 241, 1),
(842, 241, 2),
(843, 241, 3),
(844, 241, 4),
(845, 241, 5),
(846, 242, 1),
(847, 242, 2),
(848, 242, 3),
(849, 242, 4),
(850, 243, 1),
(851, 243, 2),
(852, 243, 3),
(853, 244, 1),
(854, 244, 2),
(855, 245, 1),
(856, 245, 2),
(857, 245, 3),
(858, 245, 4),
(859, 245, 5),
(860, 246, 1),
(861, 246, 2),
(862, 246, 3),
(863, 246, 4),
(864, 247, 1),
(865, 247, 2),
(866, 247, 3),
(867, 248, 1),
(868, 248, 2),
(869, 249, 1),
(870, 249, 2),
(871, 249, 3),
(872, 249, 4),
(873, 249, 5),
(874, 250, 1),
(875, 250, 2),
(876, 250, 3),
(877, 250, 4),
(878, 251, 1),
(879, 251, 2),
(880, 251, 3),
(881, 252, 1),
(882, 252, 2),
(883, 253, 1),
(884, 253, 2),
(885, 253, 3),
(886, 253, 4),
(887, 253, 5),
(888, 254, 1),
(889, 254, 2),
(890, 254, 3),
(891, 254, 4),
(892, 255, 1),
(893, 255, 2),
(894, 255, 3),
(895, 256, 1),
(896, 256, 2),
(897, 257, 1),
(898, 257, 2),
(899, 257, 3),
(900, 257, 4),
(901, 257, 5),
(902, 258, 1),
(903, 258, 2),
(904, 258, 3),
(905, 258, 4),
(906, 259, 1),
(907, 259, 2),
(908, 259, 3),
(909, 260, 1),
(910, 260, 2),
(911, 261, 1),
(912, 261, 2),
(913, 261, 3),
(914, 261, 4),
(915, 261, 5),
(916, 262, 1),
(917, 262, 2),
(918, 262, 3),
(919, 262, 4),
(920, 263, 1),
(921, 263, 2),
(922, 263, 3),
(923, 264, 1),
(924, 264, 2),
(925, 265, 1),
(926, 265, 2),
(927, 265, 3),
(928, 265, 4),
(929, 265, 5),
(930, 266, 1),
(931, 266, 2),
(932, 266, 3),
(933, 266, 4),
(934, 267, 1),
(935, 267, 2),
(936, 267, 3),
(937, 268, 1),
(938, 268, 2),
(939, 269, 1),
(940, 269, 2),
(941, 269, 3),
(942, 269, 4),
(943, 269, 5),
(944, 270, 1),
(945, 270, 2),
(946, 270, 3),
(947, 270, 4),
(948, 271, 1),
(949, 271, 2),
(950, 271, 3),
(951, 272, 1),
(952, 272, 2),
(953, 273, 1),
(954, 273, 2),
(955, 273, 3),
(956, 273, 4),
(957, 273, 5),
(958, 274, 1),
(959, 274, 2),
(960, 274, 3),
(961, 274, 4),
(962, 275, 1),
(963, 275, 2),
(964, 275, 3),
(965, 276, 1),
(966, 276, 2),
(967, 277, 1),
(968, 277, 2),
(969, 277, 3),
(970, 277, 4),
(971, 277, 5),
(972, 278, 1),
(973, 278, 2),
(974, 278, 3),
(975, 278, 4),
(976, 279, 1),
(977, 279, 2),
(978, 279, 3),
(979, 280, 1),
(980, 280, 2),
(981, 281, 1),
(982, 281, 2),
(983, 281, 3),
(984, 281, 4),
(985, 281, 5),
(986, 282, 1),
(987, 282, 2),
(988, 282, 3),
(989, 282, 4),
(990, 283, 1),
(991, 283, 2),
(992, 283, 3),
(993, 284, 1),
(994, 284, 2),
(995, 285, 1),
(996, 285, 2),
(997, 285, 3),
(998, 285, 4),
(999, 285, 5),
(1000, 286, 1),
(1001, 286, 2),
(1002, 286, 3),
(1003, 286, 4),
(1004, 287, 1),
(1005, 287, 2),
(1006, 287, 3),
(1007, 288, 1),
(1008, 288, 2),
(1009, 289, 1),
(1010, 289, 2),
(1011, 289, 3),
(1012, 289, 4),
(1013, 289, 5),
(1014, 290, 1),
(1015, 290, 2),
(1016, 290, 3),
(1017, 290, 4),
(1018, 291, 1),
(1019, 291, 2),
(1020, 291, 3),
(1021, 292, 1),
(1022, 292, 2),
(1023, 293, 1),
(1024, 293, 2),
(1025, 293, 3),
(1026, 293, 4),
(1027, 293, 5),
(1028, 294, 1),
(1029, 294, 2),
(1030, 294, 3),
(1031, 294, 4),
(1032, 295, 1),
(1033, 295, 2),
(1034, 295, 3),
(1035, 296, 1),
(1036, 296, 2),
(1037, 297, 1),
(1038, 297, 2),
(1039, 297, 3),
(1040, 297, 4),
(1041, 297, 5),
(1042, 298, 1),
(1043, 298, 2),
(1044, 298, 3),
(1045, 298, 4),
(1046, 299, 1),
(1047, 299, 2),
(1048, 299, 3),
(1049, 300, 1),
(1050, 300, 2),
(1051, 301, 1),
(1052, 301, 2),
(1053, 301, 3),
(1054, 301, 4),
(1055, 301, 5),
(1056, 302, 1),
(1057, 302, 2),
(1058, 302, 3),
(1059, 302, 4),
(1060, 303, 1),
(1061, 303, 2),
(1062, 303, 3),
(1063, 304, 1),
(1064, 304, 2),
(1065, 305, 1),
(1066, 305, 2),
(1067, 305, 3),
(1068, 305, 4),
(1069, 305, 5),
(1070, 306, 1),
(1071, 306, 2),
(1072, 306, 3),
(1073, 306, 4),
(1074, 307, 1),
(1075, 307, 2),
(1076, 307, 3),
(1077, 308, 1),
(1078, 308, 2),
(1079, 309, 1),
(1080, 309, 2),
(1081, 309, 3),
(1082, 309, 4),
(1083, 309, 5),
(1084, 310, 1),
(1085, 310, 2),
(1086, 310, 3),
(1087, 310, 4),
(1088, 311, 1),
(1089, 311, 2),
(1090, 311, 3),
(1091, 312, 1),
(1092, 312, 2),
(1093, 313, 1),
(1094, 313, 2),
(1095, 313, 3),
(1096, 313, 4),
(1097, 313, 5),
(1098, 314, 1),
(1099, 314, 2),
(1100, 314, 3),
(1101, 314, 4),
(1102, 315, 1),
(1103, 315, 2),
(1104, 315, 3),
(1105, 316, 1),
(1106, 316, 2),
(1107, 317, 1),
(1108, 317, 2),
(1109, 317, 3),
(1110, 317, 4),
(1111, 317, 5),
(1112, 318, 1),
(1113, 318, 2),
(1114, 318, 3),
(1115, 318, 4),
(1116, 319, 1),
(1117, 319, 2),
(1118, 319, 3),
(1119, 320, 1),
(1120, 320, 2),
(1121, 321, 1),
(1122, 321, 2),
(1123, 321, 3),
(1124, 321, 4),
(1125, 321, 5),
(1126, 322, 1),
(1127, 322, 2),
(1128, 322, 3),
(1129, 322, 4),
(1130, 323, 1),
(1131, 323, 2),
(1132, 323, 3),
(1133, 324, 1),
(1134, 324, 2),
(1135, 325, 1),
(1136, 325, 2),
(1137, 325, 3),
(1138, 325, 4),
(1139, 325, 5),
(1140, 326, 1),
(1141, 326, 2),
(1142, 326, 3),
(1143, 326, 4),
(1144, 327, 1),
(1145, 327, 2),
(1146, 327, 3),
(1147, 328, 1),
(1148, 328, 2),
(1149, 329, 1),
(1150, 329, 2),
(1151, 329, 3),
(1152, 329, 4),
(1153, 329, 5),
(1154, 330, 1),
(1155, 330, 2),
(1156, 330, 3),
(1157, 330, 4),
(1158, 331, 1),
(1159, 331, 2),
(1160, 331, 3),
(1161, 332, 1),
(1162, 332, 2),
(1163, 333, 1),
(1164, 333, 2),
(1165, 333, 3),
(1166, 333, 4),
(1167, 333, 5),
(1168, 334, 1),
(1169, 334, 2),
(1170, 334, 3),
(1171, 334, 4),
(1172, 335, 1),
(1173, 335, 2),
(1174, 335, 3),
(1175, 336, 1),
(1176, 336, 2),
(1177, 337, 1),
(1178, 337, 2),
(1179, 337, 3),
(1180, 337, 4),
(1181, 337, 5),
(1182, 338, 1),
(1183, 338, 2),
(1184, 338, 3),
(1185, 338, 4),
(1186, 339, 1),
(1187, 339, 2),
(1188, 339, 3),
(1189, 340, 1),
(1190, 340, 2),
(1191, 341, 1),
(1192, 341, 2),
(1193, 341, 3),
(1194, 341, 4),
(1195, 341, 5),
(1196, 342, 1),
(1197, 342, 2),
(1198, 342, 3),
(1199, 342, 4),
(1200, 343, 1),
(1201, 343, 2),
(1202, 343, 3),
(1203, 344, 1),
(1204, 344, 2),
(1205, 345, 1),
(1206, 345, 2),
(1207, 345, 3),
(1208, 345, 4),
(1209, 345, 5),
(1210, 346, 1),
(1211, 346, 2),
(1212, 346, 3),
(1213, 346, 4),
(1214, 347, 1),
(1215, 347, 2),
(1216, 347, 3),
(1217, 348, 1),
(1218, 348, 2),
(1219, 349, 1),
(1220, 349, 2),
(1221, 349, 3),
(1222, 349, 4),
(1223, 349, 5),
(1224, 350, 1),
(1225, 350, 2),
(1226, 350, 3),
(1227, 350, 4),
(1228, 351, 1),
(1229, 351, 2),
(1230, 351, 3),
(1231, 352, 1),
(1232, 352, 2),
(1233, 353, 1),
(1234, 353, 2),
(1235, 353, 3),
(1236, 353, 4),
(1237, 353, 5),
(1238, 354, 1),
(1239, 354, 2),
(1240, 354, 3),
(1241, 354, 4),
(1242, 355, 1),
(1243, 355, 2),
(1244, 355, 3),
(1245, 356, 1),
(1246, 356, 2),
(1247, 357, 1),
(1248, 357, 2),
(1249, 357, 3),
(1250, 357, 4),
(1251, 357, 5),
(1252, 358, 1),
(1253, 358, 2),
(1254, 358, 3),
(1255, 358, 4),
(1256, 359, 1),
(1257, 359, 2),
(1258, 359, 3),
(1259, 360, 1),
(1260, 360, 2),
(1261, 361, 1),
(1262, 361, 2),
(1263, 361, 3),
(1264, 361, 4),
(1265, 361, 5),
(1266, 362, 1),
(1267, 362, 2),
(1268, 362, 3),
(1269, 362, 4),
(1270, 363, 1),
(1271, 363, 2),
(1272, 363, 3),
(1273, 364, 1),
(1274, 364, 2),
(1275, 365, 1),
(1276, 365, 2),
(1277, 365, 3),
(1278, 365, 4),
(1279, 365, 5),
(1280, 366, 1),
(1281, 366, 2),
(1282, 366, 3),
(1283, 366, 4),
(1284, 367, 1),
(1285, 367, 2),
(1286, 367, 3),
(1287, 368, 1),
(1288, 368, 2),
(1289, 369, 1),
(1290, 369, 2),
(1291, 369, 3),
(1292, 369, 4),
(1293, 369, 5),
(1294, 370, 1),
(1295, 370, 2),
(1296, 370, 3),
(1297, 370, 4),
(1298, 371, 1),
(1299, 371, 2),
(1300, 371, 3),
(1301, 372, 1),
(1302, 372, 2),
(1303, 373, 1),
(1304, 373, 2),
(1305, 373, 3),
(1306, 373, 4),
(1307, 373, 5),
(1308, 374, 1),
(1309, 374, 2),
(1310, 374, 3),
(1311, 374, 4),
(1312, 375, 1),
(1313, 375, 2),
(1314, 375, 3),
(1315, 376, 1),
(1316, 376, 2),
(1317, 377, 1),
(1318, 377, 2),
(1319, 377, 3),
(1320, 377, 4),
(1321, 377, 5),
(1322, 378, 1),
(1323, 378, 2),
(1324, 378, 3),
(1325, 378, 4),
(1326, 379, 1),
(1327, 379, 2),
(1328, 379, 3),
(1329, 380, 1),
(1330, 380, 2),
(1331, 381, 1),
(1332, 381, 2),
(1333, 381, 3),
(1334, 381, 4),
(1335, 381, 5),
(1336, 382, 1),
(1337, 382, 2),
(1338, 382, 3),
(1339, 382, 4),
(1340, 383, 1),
(1341, 383, 2),
(1342, 383, 3),
(1343, 384, 1),
(1344, 384, 2),
(1345, 385, 1),
(1346, 385, 2),
(1347, 385, 3),
(1348, 385, 4),
(1349, 385, 5),
(1350, 386, 1),
(1351, 386, 2),
(1352, 386, 3),
(1353, 386, 4),
(1354, 387, 1),
(1355, 387, 2),
(1356, 387, 3),
(1357, 388, 1),
(1358, 388, 2),
(1359, 389, 1),
(1360, 389, 2),
(1361, 389, 3),
(1362, 389, 4),
(1363, 389, 5),
(1364, 390, 1),
(1365, 390, 2),
(1366, 390, 3),
(1367, 390, 4),
(1368, 391, 1),
(1369, 391, 2),
(1370, 391, 3),
(1371, 392, 1),
(1372, 392, 2),
(1373, 393, 1),
(1374, 393, 2),
(1375, 393, 3),
(1376, 393, 4),
(1377, 393, 5),
(1378, 394, 1),
(1379, 394, 2),
(1380, 394, 3),
(1381, 394, 4),
(1382, 395, 1),
(1383, 395, 2),
(1384, 395, 3),
(1385, 396, 1),
(1386, 396, 2),
(1387, 397, 1),
(1388, 397, 2),
(1389, 397, 3),
(1390, 397, 4),
(1391, 397, 5),
(1392, 398, 1),
(1393, 398, 2),
(1394, 398, 3),
(1395, 398, 4),
(1396, 399, 1),
(1397, 399, 2),
(1398, 399, 3),
(1399, 400, 1),
(1400, 400, 2),
(1401, 401, 1),
(1402, 401, 2),
(1403, 401, 3),
(1404, 401, 4),
(1405, 401, 5),
(1406, 402, 1),
(1407, 402, 2),
(1408, 402, 3),
(1409, 402, 4),
(1410, 403, 1),
(1411, 403, 2),
(1412, 403, 3),
(1413, 404, 1),
(1414, 404, 2),
(1415, 405, 1),
(1416, 405, 2),
(1417, 405, 3),
(1418, 405, 4),
(1419, 405, 5),
(1420, 406, 1),
(1421, 406, 2),
(1422, 406, 3),
(1423, 406, 4),
(1424, 407, 1),
(1425, 407, 2),
(1426, 407, 3),
(1427, 408, 1),
(1428, 408, 2),
(1429, 409, 1),
(1430, 409, 2),
(1431, 409, 3),
(1432, 409, 4),
(1433, 409, 5),
(1434, 410, 1),
(1435, 410, 2),
(1436, 410, 3),
(1437, 410, 4),
(1438, 411, 1),
(1439, 411, 2),
(1440, 411, 3),
(1441, 412, 1),
(1442, 412, 2),
(1443, 413, 1),
(1444, 413, 2),
(1445, 413, 3),
(1446, 413, 4),
(1447, 413, 5),
(1448, 414, 1),
(1449, 414, 2),
(1450, 414, 3),
(1451, 414, 4),
(1452, 415, 1),
(1453, 415, 2),
(1454, 415, 3),
(1455, 416, 1),
(1456, 416, 2),
(1457, 417, 1),
(1458, 417, 2),
(1459, 417, 3),
(1460, 417, 4),
(1461, 417, 5),
(1462, 418, 1),
(1463, 418, 2),
(1464, 418, 3),
(1465, 418, 4),
(1466, 419, 1),
(1467, 419, 2),
(1468, 419, 3),
(1469, 420, 1),
(1470, 420, 2),
(1471, 421, 1),
(1472, 421, 2),
(1473, 421, 3),
(1474, 421, 4),
(1475, 421, 5),
(1476, 422, 1),
(1477, 422, 2),
(1478, 422, 3),
(1479, 422, 4),
(1480, 423, 1),
(1481, 423, 2),
(1482, 423, 3),
(1483, 424, 1),
(1484, 424, 2),
(1485, 425, 1),
(1486, 425, 2),
(1487, 425, 3),
(1488, 425, 4),
(1489, 425, 5),
(1490, 426, 1),
(1491, 426, 2),
(1492, 426, 3),
(1493, 426, 4),
(1494, 427, 1),
(1495, 427, 2),
(1496, 427, 3),
(1497, 428, 1),
(1498, 428, 2),
(1499, 429, 1),
(1500, 429, 2),
(1501, 429, 3),
(1502, 429, 4),
(1503, 429, 5),
(1504, 430, 1),
(1505, 430, 2),
(1506, 430, 3),
(1507, 430, 4),
(1508, 431, 1),
(1509, 431, 2),
(1510, 431, 3),
(1511, 432, 1),
(1512, 432, 2),
(1513, 433, 1),
(1514, 433, 2),
(1515, 433, 3),
(1516, 433, 4),
(1517, 433, 5),
(1518, 434, 1),
(1519, 434, 2),
(1520, 434, 3),
(1521, 434, 4),
(1522, 435, 1),
(1523, 435, 2),
(1524, 435, 3),
(1525, 436, 1),
(1526, 436, 2),
(1527, 437, 1),
(1528, 437, 2),
(1529, 437, 3),
(1530, 437, 4),
(1531, 437, 5),
(1532, 438, 1),
(1533, 438, 2),
(1534, 438, 3),
(1535, 438, 4),
(1536, 439, 1),
(1537, 439, 2),
(1538, 439, 3),
(1539, 440, 1),
(1540, 440, 2),
(1541, 441, 1),
(1542, 441, 2),
(1543, 441, 3),
(1544, 441, 4),
(1545, 441, 5),
(1546, 442, 1),
(1547, 442, 2),
(1548, 442, 3),
(1549, 442, 4),
(1550, 443, 1),
(1551, 443, 2),
(1552, 443, 3),
(1553, 444, 1),
(1554, 444, 2),
(1555, 445, 1),
(1556, 445, 2),
(1557, 445, 3),
(1558, 445, 4),
(1559, 445, 5),
(1560, 446, 1),
(1561, 446, 2),
(1562, 446, 3),
(1563, 446, 4),
(1564, 447, 1),
(1565, 447, 2),
(1566, 447, 3),
(1567, 448, 1),
(1568, 448, 2),
(1569, 449, 1),
(1570, 449, 2),
(1571, 449, 3),
(1572, 449, 4),
(1573, 449, 5),
(1574, 450, 1),
(1575, 450, 2),
(1576, 450, 3),
(1577, 450, 4),
(1578, 451, 1),
(1579, 451, 2),
(1580, 451, 3),
(1581, 452, 1),
(1582, 452, 2),
(1583, 453, 1),
(1584, 453, 2),
(1585, 453, 3),
(1586, 453, 4),
(1587, 453, 5),
(1588, 454, 1),
(1589, 454, 2),
(1590, 454, 3),
(1591, 454, 4),
(1592, 455, 1),
(1593, 455, 2),
(1594, 455, 3),
(1595, 456, 1),
(1596, 456, 2),
(1597, 457, 1),
(1598, 457, 2),
(1599, 457, 3),
(1600, 457, 4),
(1601, 457, 5),
(1602, 458, 1),
(1603, 458, 2),
(1604, 458, 3),
(1605, 458, 4),
(1606, 459, 1),
(1607, 459, 2),
(1608, 459, 3),
(1609, 460, 1),
(1610, 460, 2),
(1611, 461, 1),
(1612, 461, 2),
(1613, 461, 3),
(1614, 461, 4),
(1615, 461, 5),
(1616, 462, 1),
(1617, 462, 2),
(1618, 462, 3),
(1619, 462, 4),
(1620, 463, 1),
(1621, 463, 2),
(1622, 463, 3),
(1623, 464, 1),
(1624, 464, 2),
(1625, 465, 1),
(1626, 465, 2),
(1627, 465, 3),
(1628, 465, 4),
(1629, 465, 5),
(1630, 466, 1),
(1631, 466, 2),
(1632, 466, 3),
(1633, 466, 4),
(1634, 467, 1),
(1635, 467, 2),
(1636, 467, 3),
(1637, 468, 1),
(1638, 468, 2),
(1639, 469, 1),
(1640, 469, 2),
(1641, 469, 3),
(1642, 469, 4),
(1643, 469, 5),
(1644, 470, 1),
(1645, 470, 2),
(1646, 470, 3),
(1647, 470, 4),
(1648, 471, 1),
(1649, 471, 2),
(1650, 471, 3),
(1651, 472, 1),
(1652, 472, 2),
(1653, 473, 1),
(1654, 473, 2),
(1655, 473, 3),
(1656, 473, 4),
(1657, 473, 5),
(1658, 474, 1),
(1659, 474, 2),
(1660, 474, 3),
(1661, 474, 4),
(1662, 475, 1),
(1663, 475, 2),
(1664, 475, 3),
(1665, 476, 1),
(1666, 476, 2),
(1667, 477, 1),
(1668, 477, 2),
(1669, 477, 3),
(1670, 477, 4),
(1671, 477, 5),
(1672, 478, 1),
(1673, 478, 2),
(1674, 478, 3),
(1675, 478, 4),
(1676, 479, 1),
(1677, 479, 2),
(1678, 479, 3),
(1679, 480, 1),
(1680, 480, 2),
(1681, 481, 1),
(1682, 481, 2),
(1683, 481, 3),
(1684, 481, 4),
(1685, 481, 5),
(1686, 482, 1),
(1687, 482, 2),
(1688, 482, 3),
(1689, 482, 4),
(1690, 483, 1),
(1691, 483, 2),
(1692, 483, 3),
(1693, 484, 1),
(1694, 484, 2),
(1695, 485, 1),
(1696, 485, 2),
(1697, 485, 3),
(1698, 485, 4),
(1699, 485, 5),
(1700, 486, 1),
(1701, 486, 2),
(1702, 486, 3),
(1703, 486, 4),
(1704, 487, 1),
(1705, 487, 2),
(1706, 487, 3),
(1707, 488, 1),
(1708, 488, 2),
(1709, 489, 1),
(1710, 489, 2),
(1711, 489, 3),
(1712, 489, 4),
(1713, 489, 5),
(1714, 490, 1),
(1715, 490, 2),
(1716, 490, 3),
(1717, 490, 4),
(1718, 491, 1),
(1719, 491, 2),
(1720, 491, 3),
(1721, 492, 1),
(1722, 492, 2),
(1723, 493, 1),
(1724, 493, 2),
(1725, 493, 3),
(1726, 493, 4),
(1727, 493, 5),
(1728, 494, 1),
(1729, 494, 2),
(1730, 494, 3),
(1731, 494, 4),
(1732, 495, 1),
(1733, 495, 2),
(1734, 495, 3),
(1735, 496, 1),
(1736, 496, 2),
(1737, 497, 1),
(1738, 497, 2),
(1739, 497, 3),
(1740, 497, 4),
(1741, 497, 5),
(1742, 498, 1),
(1743, 498, 2),
(1744, 498, 3),
(1745, 498, 4),
(1746, 499, 1),
(1747, 499, 2),
(1748, 499, 3),
(1749, 500, 1),
(1750, 500, 2),
(1751, 501, 1),
(1752, 501, 2),
(1753, 501, 3),
(1754, 501, 4),
(1755, 501, 5),
(1756, 502, 1),
(1757, 502, 2),
(1758, 502, 3),
(1759, 502, 4),
(1760, 503, 1),
(1761, 503, 2),
(1762, 503, 3),
(1763, 504, 1),
(1764, 504, 2),
(1765, 505, 1),
(1766, 505, 2),
(1767, 505, 3),
(1768, 505, 4),
(1769, 505, 5),
(1770, 506, 1),
(1771, 506, 2),
(1772, 506, 3),
(1773, 506, 4),
(1774, 507, 1),
(1775, 507, 2),
(1776, 507, 3),
(1777, 508, 1),
(1778, 508, 2),
(1779, 509, 1),
(1780, 509, 2),
(1781, 509, 3),
(1782, 509, 4),
(1783, 509, 5),
(1784, 510, 1),
(1785, 510, 2),
(1786, 510, 3),
(1787, 510, 4),
(1788, 511, 1),
(1789, 511, 2),
(1790, 511, 3),
(1791, 512, 1),
(1792, 512, 2),
(1793, 513, 1),
(1794, 513, 2),
(1795, 513, 3),
(1796, 513, 4),
(1797, 513, 5),
(1798, 514, 1),
(1799, 514, 2),
(1800, 514, 3),
(1801, 514, 4),
(1802, 515, 1),
(1803, 515, 2),
(1804, 515, 3),
(1805, 516, 1),
(1806, 516, 2),
(1807, 517, 1),
(1808, 517, 2),
(1809, 517, 3),
(1810, 517, 4),
(1811, 517, 5),
(1812, 518, 1),
(1813, 518, 2),
(1814, 518, 3),
(1815, 518, 4),
(1816, 519, 1),
(1817, 519, 2),
(1818, 519, 3),
(1819, 520, 1),
(1820, 520, 2),
(1821, 521, 1),
(1822, 521, 2),
(1823, 521, 3),
(1824, 521, 4),
(1825, 521, 5),
(1826, 522, 1),
(1827, 522, 2),
(1828, 522, 3),
(1829, 522, 4),
(1830, 523, 1),
(1831, 523, 2),
(1832, 523, 3),
(1833, 524, 1),
(1834, 524, 2),
(1835, 525, 1),
(1836, 525, 2),
(1837, 525, 3),
(1838, 525, 4),
(1839, 525, 5),
(1840, 526, 1),
(1841, 526, 2),
(1842, 526, 3),
(1843, 526, 4),
(1844, 527, 1),
(1845, 527, 2),
(1846, 527, 3),
(1847, 528, 1),
(1848, 528, 2),
(1849, 529, 1),
(1850, 529, 2),
(1851, 529, 3),
(1852, 529, 4),
(1853, 529, 5),
(1854, 530, 1),
(1855, 530, 2),
(1856, 530, 3),
(1857, 530, 4),
(1858, 531, 1),
(1859, 531, 2),
(1860, 531, 3),
(1861, 532, 1),
(1862, 532, 2),
(1863, 533, 1),
(1864, 533, 2),
(1865, 533, 3),
(1866, 533, 4),
(1867, 533, 5),
(1868, 534, 1),
(1869, 534, 2),
(1870, 534, 3),
(1871, 534, 4),
(1872, 535, 1),
(1873, 535, 2),
(1874, 535, 3),
(1875, 536, 1),
(1876, 536, 2),
(1877, 537, 1),
(1878, 537, 2),
(1879, 537, 3),
(1880, 537, 4),
(1881, 537, 5),
(1882, 538, 1),
(1883, 538, 2),
(1884, 538, 3),
(1885, 538, 4),
(1886, 539, 1),
(1887, 539, 2),
(1888, 539, 3),
(1889, 540, 1),
(1890, 540, 2),
(1891, 541, 1),
(1892, 541, 2),
(1893, 541, 3),
(1894, 541, 4),
(1895, 541, 5),
(1896, 542, 1),
(1897, 542, 2),
(1898, 542, 3),
(1899, 542, 4),
(1900, 543, 1),
(1901, 543, 2),
(1902, 543, 3),
(1903, 544, 1),
(1904, 544, 2),
(1905, 545, 1),
(1906, 545, 2),
(1907, 545, 3),
(1908, 545, 4),
(1909, 545, 5),
(1910, 546, 1),
(1911, 546, 2),
(1912, 546, 3),
(1913, 546, 4),
(1914, 547, 1),
(1915, 547, 2),
(1916, 547, 3),
(1917, 548, 1),
(1918, 548, 2),
(1919, 549, 1),
(1920, 549, 2),
(1921, 549, 3),
(1922, 549, 4),
(1923, 549, 5),
(1924, 550, 1),
(1925, 550, 2),
(1926, 550, 3),
(1927, 550, 4),
(1928, 551, 1),
(1929, 551, 2),
(1930, 551, 3),
(1931, 552, 1),
(1932, 552, 2),
(1933, 553, 1),
(1934, 553, 2),
(1935, 553, 3),
(1936, 553, 4),
(1937, 553, 5),
(1938, 554, 1),
(1939, 554, 2),
(1940, 554, 3),
(1941, 554, 4),
(1942, 555, 1),
(1943, 555, 2),
(1944, 555, 3),
(1945, 556, 1),
(1946, 556, 2),
(1947, 557, 1),
(1948, 557, 2),
(1949, 557, 3),
(1950, 557, 4),
(1951, 557, 5),
(1952, 558, 1),
(1953, 558, 2),
(1954, 558, 3),
(1955, 558, 4),
(1956, 559, 1),
(1957, 559, 2),
(1958, 559, 3),
(1959, 560, 1),
(1960, 560, 2),
(1961, 561, 1),
(1962, 561, 2),
(1963, 561, 3),
(1964, 561, 4),
(1965, 561, 5),
(1966, 562, 1),
(1967, 562, 2),
(1968, 562, 3),
(1969, 562, 4),
(1970, 563, 1),
(1971, 563, 2),
(1972, 563, 3),
(1973, 564, 1),
(1974, 564, 2),
(1975, 565, 1),
(1976, 565, 2),
(1977, 565, 3),
(1978, 565, 4),
(1979, 565, 5),
(1980, 566, 1),
(1981, 566, 2),
(1982, 566, 3),
(1983, 566, 4),
(1984, 567, 1),
(1985, 567, 2),
(1986, 567, 3),
(1987, 568, 1),
(1988, 568, 2),
(1989, 569, 1),
(1990, 569, 2),
(1991, 569, 3),
(1992, 569, 4),
(1993, 569, 5),
(1994, 570, 1),
(1995, 570, 2),
(1996, 570, 3),
(1997, 570, 4),
(1998, 571, 1),
(1999, 571, 2),
(2000, 571, 3),
(2001, 572, 1),
(2002, 572, 2),
(2003, 573, 1),
(2004, 573, 2),
(2005, 573, 3),
(2006, 573, 4),
(2007, 573, 5),
(2008, 574, 1),
(2009, 574, 2),
(2010, 574, 3),
(2011, 574, 4),
(2012, 575, 1),
(2013, 575, 2),
(2014, 575, 3),
(2015, 576, 1),
(2016, 576, 2),
(2017, 577, 1),
(2018, 577, 2),
(2019, 577, 3),
(2020, 577, 4),
(2021, 577, 5),
(2022, 578, 1),
(2023, 578, 2),
(2024, 578, 3),
(2025, 578, 4),
(2026, 579, 1),
(2027, 579, 2),
(2028, 579, 3),
(2029, 580, 1),
(2030, 580, 2),
(2031, 581, 1),
(2032, 581, 2),
(2033, 581, 3),
(2034, 581, 4),
(2035, 581, 5),
(2036, 582, 1),
(2037, 582, 2),
(2038, 582, 3),
(2039, 582, 4),
(2040, 583, 1),
(2041, 583, 2),
(2042, 583, 3),
(2043, 584, 1),
(2044, 584, 2),
(2045, 585, 1),
(2046, 585, 2),
(2047, 585, 3),
(2048, 585, 4),
(2049, 585, 5),
(2050, 586, 1),
(2051, 586, 2),
(2052, 586, 3),
(2053, 586, 4),
(2054, 587, 1),
(2055, 587, 2),
(2056, 587, 3),
(2057, 588, 1),
(2058, 588, 2),
(2059, 589, 1),
(2060, 589, 2),
(2061, 589, 3),
(2062, 589, 4),
(2063, 589, 5),
(2064, 590, 1),
(2065, 590, 2),
(2066, 590, 3),
(2067, 590, 4),
(2068, 591, 1),
(2069, 591, 2),
(2070, 591, 3),
(2071, 592, 1),
(2072, 592, 2),
(2073, 593, 1),
(2074, 593, 2),
(2075, 593, 3),
(2076, 593, 4),
(2077, 593, 5),
(2078, 594, 1),
(2079, 594, 2),
(2080, 594, 3),
(2081, 594, 4),
(2082, 595, 1),
(2083, 595, 2),
(2084, 595, 3),
(2085, 596, 1),
(2086, 596, 2),
(2087, 597, 1),
(2088, 597, 2),
(2089, 597, 3),
(2090, 597, 4),
(2091, 597, 5),
(2092, 598, 1),
(2093, 598, 2),
(2094, 598, 3),
(2095, 598, 4),
(2096, 599, 1),
(2097, 599, 2),
(2098, 599, 3),
(2099, 600, 1),
(2100, 600, 2),
(2101, 601, 1),
(2102, 601, 2),
(2103, 601, 3),
(2104, 601, 4),
(2105, 601, 5),
(2106, 602, 1),
(2107, 602, 2),
(2108, 602, 3),
(2109, 602, 4),
(2110, 603, 1),
(2111, 603, 2),
(2112, 603, 3),
(2113, 604, 1),
(2114, 604, 2),
(2115, 605, 1),
(2116, 605, 2),
(2117, 605, 3),
(2118, 605, 4),
(2119, 605, 5),
(2120, 606, 1),
(2121, 606, 2),
(2122, 606, 3),
(2123, 606, 4),
(2124, 607, 1),
(2125, 607, 2),
(2126, 607, 3),
(2127, 608, 1),
(2128, 608, 2),
(2129, 609, 1),
(2130, 609, 2),
(2131, 609, 3),
(2132, 609, 4),
(2133, 609, 5),
(2134, 610, 1),
(2135, 610, 2),
(2136, 610, 3),
(2137, 610, 4),
(2138, 611, 1),
(2139, 611, 2),
(2140, 611, 3),
(2141, 612, 1),
(2142, 612, 2),
(2143, 613, 1),
(2144, 613, 2),
(2145, 613, 3),
(2146, 613, 4),
(2147, 613, 5),
(2148, 614, 1),
(2149, 614, 2),
(2150, 614, 3),
(2151, 614, 4),
(2152, 615, 1),
(2153, 615, 2),
(2154, 615, 3),
(2155, 616, 1),
(2156, 616, 2),
(2157, 617, 1),
(2158, 617, 2),
(2159, 617, 3),
(2160, 617, 4),
(2161, 617, 5),
(2162, 618, 1),
(2163, 618, 2),
(2164, 618, 3),
(2165, 618, 4),
(2166, 619, 1),
(2167, 619, 2),
(2168, 619, 3),
(2169, 620, 1),
(2170, 620, 2),
(2171, 621, 1),
(2172, 621, 2),
(2173, 621, 3),
(2174, 621, 4),
(2175, 621, 5),
(2176, 622, 1),
(2177, 622, 2),
(2178, 622, 3),
(2179, 622, 4),
(2180, 623, 1),
(2181, 623, 2),
(2182, 623, 3),
(2183, 624, 1),
(2184, 624, 2),
(2185, 625, 1),
(2186, 625, 2),
(2187, 625, 3),
(2188, 625, 4),
(2189, 625, 5),
(2190, 626, 1),
(2191, 626, 2),
(2192, 626, 3),
(2193, 626, 4),
(2194, 627, 1),
(2195, 627, 2),
(2196, 627, 3),
(2197, 628, 1),
(2198, 628, 2),
(2199, 629, 1),
(2200, 629, 2),
(2201, 629, 3),
(2202, 629, 4),
(2203, 629, 5),
(2204, 630, 1),
(2205, 630, 2),
(2206, 630, 3),
(2207, 630, 4),
(2208, 631, 1),
(2209, 631, 2),
(2210, 631, 3),
(2211, 632, 1),
(2212, 632, 2),
(2213, 633, 1),
(2214, 633, 2),
(2215, 633, 3),
(2216, 633, 4),
(2217, 633, 5),
(2218, 634, 1),
(2219, 634, 2),
(2220, 634, 3),
(2221, 634, 4),
(2222, 635, 1),
(2223, 635, 2),
(2224, 635, 3),
(2225, 636, 1),
(2226, 636, 2),
(2227, 637, 1),
(2228, 637, 2),
(2229, 637, 3),
(2230, 637, 4),
(2231, 637, 5),
(2232, 638, 1),
(2233, 638, 2),
(2234, 638, 3),
(2235, 638, 4),
(2236, 639, 1),
(2237, 639, 2),
(2238, 639, 3),
(2239, 640, 1),
(2240, 640, 2);

-- --------------------------------------------------------

--
-- Estrutura da tabela `transmissao`
--

CREATE TABLE `transmissao` (
  `id` int(11) NOT NULL,
  `descricao` varchar(255) NOT NULL,
  `titulo` varchar(60) NOT NULL,
  `lat` float NOT NULL,
  `long` float NOT NULL
) ENGINE=InnoDB DEFAULT CHARSET=latin1;

--
-- Extraindo dados da tabela `transmissao`
--

INSERT INTO `transmissao` (`id`, `descricao`, `titulo`, `lat`, `long`) VALUES
(1, 'Descricao1', 'Nome1', -22.9068, -43.1663),
(2, 'Descricao2', 'Nome2', -22.8964, -43.1854),
(3, 'Descricao2', 'Nome2', -22.8983, -43.2113),
(4, 'Descricao3', 'Nome3', -22.912, -43.2111),
(5, 'Descricao5', 'Nome5', -22.9125, -43.1933),
(6, 'Descricao4', 'Nome4', -22.9204, -43.1884),
(7, 'Descricao4', 'Nome4', -22.9211, -43.1788),
(8, 'Descricao7', 'Nome7', -22.9155, -43.1745),
(9, 'Descricao6', 'Nome6', -22.9124, -43.169);

-- --------------------------------------------------------

--
-- Estrutura da tabela `usuario`
--

CREATE TABLE `usuario` (
  `id` int(11) NOT NULL,
  `nome` varchar(255) NOT NULL,
  `idade` tinyint(4) NOT NULL,
  `estado` char(2) NOT NULL,
  `veiculo` int(11) NOT NULL
) ENGINE=InnoDB DEFAULT CHARSET=latin1;

--
-- Extraindo dados da tabela `usuario`
--

INSERT INTO `usuario` (`id`, `nome`, `idade`, `estado`, `veiculo`) VALUES
(1, 'Wagner Lopes', 18, 'SC', 1);

--
-- Indexes for dumped tables
--

--
-- Indexes for table `avaliacao`
--
ALTER TABLE `avaliacao`
  ADD PRIMARY KEY (`id`),
  ADD KEY `local` (`local`),
  ADD KEY `usuario` (`usuario`);

--
-- Indexes for table `categoria`
--
ALTER TABLE `categoria`
  ADD PRIMARY KEY (`id`);

--
-- Indexes for table `grupo`
--
ALTER TABLE `grupo`
  ADD PRIMARY KEY (`id`);

--
-- Indexes for table `local`
--
ALTER TABLE `local`
  ADD PRIMARY KEY (`id`),
  ADD KEY `categoria` (`categoria`);

--
-- Indexes for table `servicos`
--
ALTER TABLE `servicos`
  ADD PRIMARY KEY (`id`);

--
-- Indexes for table `transmissao`
--
ALTER TABLE `transmissao`
  ADD PRIMARY KEY (`id`);

--
-- Indexes for table `usuario`
--
ALTER TABLE `usuario`
  ADD PRIMARY KEY (`id`);

--
-- AUTO_INCREMENT for dumped tables
--

--
-- AUTO_INCREMENT for table `avaliacao`
--
ALTER TABLE `avaliacao`
  MODIFY `id` int(11) NOT NULL AUTO_INCREMENT, AUTO_INCREMENT=2245;

--
-- AUTO_INCREMENT for table `categoria`
--
ALTER TABLE `categoria`
  MODIFY `id` int(11) NOT NULL AUTO_INCREMENT, AUTO_INCREMENT=6;

--
-- AUTO_INCREMENT for table `grupo`
--
ALTER TABLE `grupo`
  MODIFY `id` int(11) NOT NULL AUTO_INCREMENT, AUTO_INCREMENT=10;

--
-- AUTO_INCREMENT for table `local`
--
ALTER TABLE `local`
  MODIFY `id` int(11) NOT NULL AUTO_INCREMENT, AUTO_INCREMENT=641;

--
-- AUTO_INCREMENT for table `servicos`
--
ALTER TABLE `servicos`
  MODIFY `id` int(11) NOT NULL AUTO_INCREMENT, AUTO_INCREMENT=2241;

--
-- AUTO_INCREMENT for table `transmissao`
--
ALTER TABLE `transmissao`
  MODIFY `id` int(11) NOT NULL AUTO_INCREMENT, AUTO_INCREMENT=10;

--
-- AUTO_INCREMENT for table `usuario`
--
ALTER TABLE `usuario`
  MODIFY `id` int(11) NOT NULL AUTO_INCREMENT, AUTO_INCREMENT=2;
COMMIT;

/*!40101 SET CHARACTER_SET_CLIENT=@OLD_CHARACTER_SET_CLIENT */;
/*!40101 SET CHARACTER_SET_RESULTS=@OLD_CHARACTER_SET_RESULTS */;
/*!40101 SET COLLATION_CONNECTION=@OLD_COLLATION_CONNECTION */;
